t_s,ax_g,ay_g,az_g,gx_dps,gy_dps,gz_dps,temp_c
0.0062,0.9832,-0.2302,-0.0613,2.015,-2.649,-1.427,25.84
0.0175,0.9829,-0.2295,-0.0674,2.252,-2.550,-1.237,25.65
0.0400,0.9822,-0.2271,-0.0684,2.206,-2.458,-1.534,25.74
0.0435,0.9846,-0.2300,-0.0627,2.145,-2.603,-1.565,25.50
0.0502,0.9844,-0.2268,-0.0610,2.595,-7.038,-1.702,25.65
0.0615,0.9817,-0.2271,-0.0615,0.023,0.893,-0.954,25.65
0.0649,0.9805,-0.2244,-0.0662,1.969,-2.008,-1.015,25.50
0.0770,0.9832,-0.2251,-0.0698,2.038,-2.382,-1.351,25.94
0.0963,0.9790,-0.2224,-0.0654,2.107,-2.542,-1.374,25.94
0.1034,0.9812,-0.2253,-0.0640,2.168,-2.427,-0.992,25.94
0.1101,0.9846,-0.2263,-0.0669,1.069,-0.542,-0.824,25.98
0.1175,0.9814,-0.2275,-0.0635,1.107,-0.901,-0.763,25.74
0.1250,0.9851,-0.2278,-0.0635,2.076,-2.725,-1.191,25.60
0.1415,0.9834,-0.2246,-0.0649,2.176,-2.351,-1.405,25.94
0.1463,0.9888,-0.2231,-0.0659,5.756,-10.374,-2.336,25.98
0.1563,0.9827,-0.2246,-0.0610,2.275,-2.580,-1.145,25.74
0.1660,0.9807,-0.2253,-0.0669,2.405,-2.718,-1.557,25.31
0.1772,0.9805,-0.2268,-0.0581,2.260,-2.840,-1.031,25.22
0.1859,0.9836,-0.2305,-0.0645,1.466,-1.176,-1.008,25.94
0.1969,0.9812,-0.2253,-0.0640,2.115,-2.519,-1.450,25.65
0.2056,0.9810,-0.2268,-0.0657,1.817,-1.763,-1.122,25.60
0.2160,0.9834,-0.2271,-0.0620,2.176,-2.427,-1.550,25.74
0.2269,0.9817,-0.2251,-0.0620,2.168,-2.435,-1.328,25.50
0.2409,0.9792,-0.2273,-0.0693,2.099,-2.794,-1.130,25.46
0.2469,0.9866,-0.2283,-0.0647,2.573,-3.328,-1.328,25.60
0.2564,0.9802,-0.2295,-0.0618,2.000,-2.237,-1.168,26.18
0.2709,0.9841,-0.2295,-0.0630,2.176,-2.550,-1.145,25.79
0.2743,0.9839,-0.2273,-0.0620,0.893,-0.565,-1.153,25.74
0.2891,0.9858,-0.2263,-0.0603,2.061,-2.618,-1.160,25.65
0.3076,0.9814,-0.2207,-0.0630,2.221,-2.664,-1.267,25.50
0.3129,0.9880,-0.2280,-0.0688,4.061,-5.817,-1.336,25.98
0.3166,0.9824,-0.2263,-0.0615,7.435,-12.626,-2.130,25.74
0.3239,0.9788,-0.2302,-0.0652,2.023,-2.214,-1.107,25.98
0.3431,0.9814,-0.2258,-0.0608,2.015,-2.496,-1.366,25.65
0.3469,0.9836,-0.2263,-0.0635,0.763,0.069,-1.061,26.03
0.3590,0.9836,-0.2227,-0.0647,1.855,-2.115,-1.420,25.46
0.3644,0.9858,-0.2266,-0.0681,2.351,-2.809,-1.321,25.60
0.3771,0.9854,-0.2297,-0.0632,2.046,-2.191,-1.092,25.31
0.3874,0.9805,-0.2322,-0.0623,2.382,-2.672,-1.252,25.74
0.3946,0.9797,-0.2268,-0.0659,0.779,-0.107,-0.687,25.65
0.4088,0.9836,-0.2261,-0.0601,2.130,-2.565,-1.412,25.65
0.4153,0.9824,-0.2263,-0.0615,1.130,-0.290,-1.595,25.79
0.4292,0.9832,-0.2253,-0.0640,2.244,-2.336,-1.275,25.94
0.4369,0.9861,-0.2178,-0.0608,2.053,-5.473,-1.244,26.13
0.4431,0.9849,-0.2236,-0.0691,2.130,-2.824,-1.122,25.79
0.4609,0.9810,-0.2256,-0.0645,2.015,-2.237,-1.389,25.98
0.4666,0.9807,-0.2261,-0.0601,1.389,-2.351,-0.947,25.84
0.4790,0.9834,-0.2280,-0.0625,2.244,-2.557,-1.023,25.74
0.4840,0.9871,-0.2283,-0.0720,3.794,-5.489,-1.496,25.46
0.4949,0.9795,-0.2319,-0.0647,2.008,-2.397,-1.603,25.65
0.5056,0.9841,-0.2271,-0.0679,1.771,-2.313,-1.275,25.94
0.5156,0.9832,-0.2239,-0.0657,2.260,-2.626,-1.321,25.60
0.5238,0.9814,-0.2246,-0.0632,2.008,-2.809,-1.359,25.74
0.5331,0.9814,-0.2266,-0.0662,2.130,-1.962,-1.366,25.94
0.5476,0.9822,-0.2258,-0.0635,2.229,-2.618,-1.481,25.07
0.5585,0.9807,-0.2244,-0.0610,2.221,-2.710,-1.153,25.50
0.5636,0.9814,-0.2261,-0.0652,1.977,-2.130,-1.000,25.79
0.5776,0.9836,-0.2283,-0.0615,2.076,-2.344,-1.015,25.84
0.5874,0.9795,-0.2271,-0.0642,2.321,-2.748,-1.481,25.31
0.5932,0.9822,-0.2268,-0.0608,2.084,-2.672,-1.450,25.74
0.6057,0.9827,-0.2290,-0.0725,2.252,-2.473,-1.588,25.94
0.6198,0.9829,-0.2200,-0.0620,1.977,-2.397,-1.084,25.74
0.6228,0.9897,-0.2239,-0.0593,-1.244,2.618,-0.473,25.50
0.6382,0.9829,-0.2256,-0.0620,2.221,-2.580,-1.328,25.74
0.6460,0.9824,-0.2263,-0.0674,2.244,-2.458,-1.282,25.79
0.6604,0.9851,-0.2244,-0.0603,2.176,-2.618,-1.176,25.65
0.6627,0.9839,-0.2258,-0.0654,7.435,-12.817,-2.344,25.84
0.6765,0.9814,-0.2275,-0.0596,1.977,-2.534,-1.603,25.46
0.6876,0.9824,-0.2256,-0.0664,2.397,-3.198,-1.412,25.74
0.6976,0.9785,-0.2266,-0.0615,2.015,-2.504,-1.321,25.60
0.7031,0.9827,-0.2307,-0.0613,7.954,-12.511,-2.336,25.74
0.7181,0.9814,-0.2278,-0.0654,2.305,-2.634,-1.382,25.79
0.7281,0.9871,-0.2273,-0.0659,1.305,-0.260,-1.076,25.79
0.7344,0.9822,-0.2288,-0.0623,2.237,-2.260,-1.405,25.74
0.7475,0.9812,-0.2290,-0.0605,2.214,-2.771,-1.282,25.98
0.7550,0.9834,-0.2314,-0.0591,2.153,-2.885,-1.244,25.65
0.7642,0.9812,-0.2285,-0.0642,2.191,-3.252,-1.527,25.41
0.7775,0.9775,-0.2305,-0.0688,2.160,-2.542,-1.137,25.94
0.7884,0.9800,-0.2273,-0.0654,2.061,-2.687,-1.237,25.98
0.7939,0.9844,-0.2212,-0.0679,2.214,-2.183,-1.427,25.50
0.8062,0.9873,-0.2266,-0.0642,1.992,-2.313,-1.328,25.74
0.8157,0.9836,-0.2278,-0.0642,2.328,-2.931,-1.061,25.74
0.8230,0.9822,-0.2271,-0.0618,1.160,-1.107,-0.763,25.65
0.8365,0.9810,-0.2283,-0.0637,2.069,-2.244,-1.588,25.50
0.8484,0.9851,-0.2314,-0.0667,1.924,-2.489,-1.198,25.46
0.8536,0.9839,-0.2275,-0.0579,6.313,-10.168,-2.046,26.18
0.8695,0.9797,-0.2246,-0.0640,1.992,-2.611,-1.275,25.84
0.8730,0.9834,-0.2273,-0.0630,6.221,-9.580,-2.275,25.60
0.8873,0.9841,-0.2275,-0.0625,2.122,-2.595,-1.122,25.50
0.8926,0.9810,-0.2292,-0.0623,0.809,-0.046,-1.069,25.94
0.9084,0.9802,-0.2268,-0.0657,1.817,-2.664,-1.412,25.65
0.9155,0.9822,-0.2261,-0.0669,2.397,-3.008,-1.389,25.65
0.9240,0.9807,-0.2263,-0.0664,2.008,-2.290,-1.237,25.84
0.9381,0.9829,-0.2280,-0.0647,1.931,-2.611,-1.344,25.79
0.9453,0.9824,-0.2271,-0.0676,1.153,-0.534,-1.298,25.60
0.9571,0.9790,-0.2258,-0.0664,2.061,-2.595,-1.000,25.46
0.9658,0.9824,-0.2258,-0.0652,2.183,-2.557,-1.336,25.79
0.9725,0.9802,-0.2285,-0.0688,0.954,0.115,-0.794,25.94
0.9874,0.9844,-0.2290,-0.0671,2.267,-2.748,-1.099,25.98
1.0007,0.9832,-0.2273,-0.0598,2.176,-2.901,-1.557,25.41
1.0042,0.9824,-0.2275,-0.0640,1.260,-1.061,-1.244,26.13
1.0223,0.9819,-0.2285,-0.0632,2.305,-2.878,-1.687,25.65
1.0245,0.9885,-0.2222,-0.0559,-2.992,7.328,-0.069,25.79
1.0369,0.9832,-0.2244,-0.0662,2.023,-2.046,-1.435,25.79
1.0434,0.9832,-0.2244,-0.0637,2.160,-2.847,-1.321,25.84
1.0568,0.9827,-0.2263,-0.0623,2.389,-2.870,-1.237,25.50
1.0664,0.9851,-0.2295,-0.0613,2.275,-2.733,-1.252,25.60
1.0815,0.9854,-0.2275,-0.0710,0.771,-0.031,-0.969,25.79
1.0839,0.9802,-0.2302,-0.0730,2.069,-2.359,-1.550,25.27
1.0930,0.9819,-0.2251,-0.0613,2.321,-2.450,-1.412,25.74
1.1056,0.9771,-0.2263,-0.0664,2.023,-2.634,-1.244,25.60
1.1155,0.9836,-0.2290,-0.0620,2.252,-2.687,-1.115,25.27
1.1241,0.9844,-0.2283,-0.0701,2.359,-2.573,-1.481,25.50
1.1357,0.9822,-0.2266,-0.0681,2.427,-2.740,-1.275,25.79
1.1451,0.9810,-0.2275,-0.0662,2.191,-2.626,-1.176,25.98
1.1544,0.9814,-0.2271,-0.0654,2.351,-2.496,-1.244,25.79
1.1666,0.9819,-0.2300,-0.0615,2.076,-2.481,-1.473,25.65
1.1765,0.9854,-0.2231,-0.0608,2.496,-2.908,-1.527,25.98
1.1851,0.9792,-0.2234,-0.0676,2.244,-2.855,-0.939,26.18
1.1972,0.9834,-0.2290,-0.0635,1.260,-1.000,-0.786,25.79
1.2037,0.9802,-0.2295,-0.0630,2.191,-2.611,-1.374,25.74
1.2140,0.9797,-0.2239,-0.0603,2.450,-3.336,-1.168,25.79
1.2235,0.9822,-0.2275,-0.0630,2.092,-2.695,-1.275,25.98
1.2375,0.9810,-0.2236,-0.0613,2.038,-2.641,-1.443,25.98
1.2475,0.9814,-0.2224,-0.0647,1.908,-1.511,-1.237,25.46
1.2569,0.9810,-0.2297,-0.0681,1.977,-2.511,-1.099,25.50
1.2672,0.9800,-0.2271,-0.0698,3.145,-3.542,-1.481,26.13
1.2735,0.9841,-0.2280,-0.0620,2.382,-2.985,-0.901,25.74
1.2859,0.9807,-0.2290,-0.0649,2.450,-3.107,-1.305,25.84
1.2926,0.9851,-0.2261,-0.0625,2.435,-2.840,-1.489,25.50
1.3127,0.9814,-0.2285,-0.0671,2.008,-2.260,-1.290,25.94
1.3174,0.9819,-0.2290,-0.0579,6.947,-11.664,-2.939,25.31
1.3253,0.9834,-0.2285,-0.0637,2.511,-3.198,-1.191,25.94
1.3381,0.9827,-0.2256,-0.0637,2.183,-2.466,-1.321,25.84
1.3476,0.9817,-0.2271,-0.0593,1.221,-0.244,-0.992,25.60
1.3559,0.9819,-0.2310,-0.0688,2.176,-2.870,-1.137,25.74
1.3710,0.9854,-0.2290,-0.0630,2.122,-2.221,-1.183,26.03
1.3738,0.9800,-0.2275,-0.0664,6.336,-10.534,-2.504,25.65
1.3871,0.9829,-0.2283,-0.0632,2.344,-3.168,-1.359,25.60
1.4002,0.9810,-0.2239,-0.0620,1.977,-2.351,-1.267,26.03
1.4045,0.9839,-0.2234,-0.0718,1.160,-0.405,-1.435,25.74
1.4210,0.9846,-0.2256,-0.0691,2.244,-2.466,-1.015,26.18
1.4234,0.9827,-0.2266,-0.0684,4.748,-7.099,-1.328,25.60
1.4366,0.9836,-0.2285,-0.0632,2.053,-2.603,-1.084,25.46
1.4458,0.9827,-0.2273,-0.0640,1.969,-2.580,-1.275,25.84
1.4541,0.9810,-0.2305,-0.0608,2.206,-2.328,-1.389,26.03
1.4734,0.9841,-0.2268,-0.0640,2.092,-2.389,-1.542,25.46
1.4784,0.9849,-0.2273,-0.0630,1.924,-2.023,-1.313,25.60
1.4844,0.9844,-0.2222,-0.0679,1.992,-2.076,-1.382,25.50
1.4935,0.9839,-0.2275,-0.0645,2.511,-2.664,-1.252,25.79
1.5063,0.9841,-0.2236,-0.0698,1.985,-2.046,-1.206,25.94
1.5158,0.9839,-0.2300,-0.0696,2.183,-2.832,-1.229,25.79
1.5229,0.9805,-0.2288,-0.0635,0.885,0.092,-1.275,25.65
1.5364,0.9805,-0.2288,-0.0725,2.115,-2.458,-1.115,25.50
1.5501,0.9834,-0.2234,-0.0625,2.115,-2.802,-1.595,25.74
1.5524,0.9841,-0.2158,-0.0652,-3.496,10.710,-0.122,25.84
1.5647,0.9812,-0.2246,-0.0549,2.053,-2.679,-1.489,25.84
1.5779,0.9824,-0.2278,-0.0706,1.985,-2.374,-0.557,25.79
1.5829,0.9812,-0.2339,-0.0732,1.573,-1.015,-0.557,25.74
1.5936,0.9851,-0.2273,-0.0759,2.023,-2.405,-1.710,25.79
1.6047,0.9871,-0.2300,-0.0640,2.267,-2.519,-1.076,25.74
1.6146,0.9822,-0.2302,-0.0662,2.084,-3.107,-1.450,26.03
1.6236,0.9812,-0.2271,-0.0593,2.313,-2.718,-2.023,25.65
1.6334,0.9812,-0.2253,-0.0630,2.336,-2.771,-0.969,25.50
1.6443,0.9812,-0.2205,-0.0635,2.168,-2.504,-1.382,25.98
1.6683,0.9827,-0.2209,-0.0679,1.969,-2.504,-1.053,25.50
1.6725,0.9812,-0.2239,-0.0645,6.092,-9.763,-1.664,25.74
1.6821,0.9827,-0.2290,-0.0664,2.351,-2.954,-1.107,25.98
1.6889,0.9802,-0.2305,-0.0632,6.733,-11.305,-1.985,25.74
1.6929,0.9841,-0.2341,-0.0659,0.641,-0.183,-0.763,25.60
1.7090,0.9810,-0.2266,-0.0664,2.000,-2.534,-1.870,25.65
1.7136,0.9844,-0.2246,-0.0603,1.000,-0.489,-1.519,25.74
1.7416,0.9841,-0.2214,-0.0625,2.198,-2.298,-1.046,26.03
1.7454,0.9827,-0.2307,-0.0632,2.344,-2.412,-0.344,26.13
1.7479,0.9810,-0.2273,-0.0669,4.046,-7.626,-1.427,26.13
1.7553,0.9790,-0.2307,-0.0664,4.756,-7.542,-1.496,25.60
1.7671,0.9841,-0.2268,-0.0640,2.336,-3.214,-1.595,25.27
1.7766,0.9817,-0.2227,-0.0581,2.145,-2.557,-1.046,25.74
1.7901,0.9836,-0.2244,-0.0591,1.710,-1.992,-1.206,25.46
1.7927,0.9836,-0.2271,-0.0674,1.466,-1.366,-1.153,26.37
1.8072,0.9834,-0.2305,-0.0693,2.053,-2.588,-0.847,25.65
1.8197,0.9858,-0.2261,-0.0647,2.168,-2.489,-1.397,25.84
1.8282,0.9824,-0.2227,-0.0710,2.305,-2.756,-1.557,25.84
1.8399,0.9834,-0.2251,-0.0630,2.153,-2.221,-0.985,25.94
1.8437,0.9810,-0.2241,-0.0654,3.504,-6.832,-1.588,25.74
1.8569,0.9839,-0.2312,-0.0630,2.084,-2.573,-1.176,25.50
1.8647,0.9819,-0.2290,-0.0654,2.168,-2.496,-1.130,25.84
1.8751,0.9800,-0.2283,-0.0613,2.153,-2.565,-1.458,25.27
1.8855,0.9783,-0.2239,-0.0640,2.153,-3.015,-1.298,25.79
1.8971,0.9841,-0.2249,-0.0688,2.099,-2.687,-0.977,25.60
1.9084,0.9836,-0.2266,-0.0679,2.183,-2.870,-0.977,25.50
1.9150,0.9861,-0.2310,-0.0703,1.687,-2.000,-0.893,26.03
1.9263,0.9834,-0.2285,-0.0669,2.206,-2.389,-1.412,25.94
1.9371,0.9788,-0.2273,-0.0630,2.244,-1.885,-1.511,25.84
1.9459,0.9839,-0.2249,-0.0625,1.130,-0.099,-1.534,25.98
1.9536,0.9827,-0.2278,-0.0659,2.153,-2.756,-1.023,25.27
1.9679,0.9810,-0.2280,-0.0562,2.374,-3.282,-1.160,25.79
1.9755,0.9844,-0.2295,-0.0645,1.985,-2.176,-1.031,25.50
1.9835,0.9783,-0.2297,-0.0593,0.908,0.061,-0.641,25.65
1.9989,0.9863,-0.2244,-0.0640,2.000,-2.435,-1.489,25.60
2.0084,0.9861,-0.2217,-0.0605,1.298,-1.359,-1.053,25.84
2.0231,0.9810,-0.2241,-0.0627,1.908,-2.534,-1.122,25.74
2.0268,0.9836,-0.2268,-0.0527,2.267,-2.847,-1.122,26.13
2.0418,0.9790,-0.2273,-0.0645,1.519,-2.206,-0.802,25.74
2.0444,0.9795,-0.2292,-0.0627,2.198,-2.763,-1.336,25.84
2.0560,0.9841,-0.2266,-0.0681,2.115,-2.573,-1.649,25.84
2.0665,0.9854,-0.2231,-0.0723,2.023,-2.481,-0.985,25.79
2.0781,0.9802,-0.2297,-0.0669,2.183,-2.855,-1.046,25.65
2.0848,0.9812,-0.2295,-0.0620,2.328,-2.649,-1.221,26.13
2.0928,0.9810,-0.2283,-0.0649,1.145,-0.786,-1.053,25.50
2.1091,0.9819,-0.2261,-0.0593,2.069,-2.771,-1.626,25.74
2.1192,0.9834,-0.2302,-0.0708,2.260,-2.489,-0.954,25.60
2.1241,0.9824,-0.2219,-0.0620,0.840,-0.160,-0.863,26.03
2.1399,0.9807,-0.2258,-0.0696,2.076,-2.382,-1.260,25.84
2.1426,0.9846,-0.2229,-0.0632,7.053,-11.756,-2.252,25.84
2.1570,0.9805,-0.2300,-0.0642,2.061,-2.046,-1.008,25.84
2.1645,0.9817,-0.2290,-0.0615,2.504,-2.466,-1.863,25.84
2.1741,0.9873,-0.2244,-0.0608,2.305,-3.221,-0.985,25.65
2.1894,0.9802,-0.2288,-0.0623,2.076,-2.359,-1.511,25.50
2.1928,0.9858,-0.2280,-0.0615,5.542,-9.603,-2.382,25.79
2.2052,0.9797,-0.2258,-0.0659,2.000,-2.260,-0.962,26.03
2.2148,0.9780,-0.2290,-0.0664,2.168,-2.794,-1.786,26.03
2.2281,0.9775,-0.2251,-0.0730,2.183,-2.611,-1.595,25.65
2.2356,0.9792,-0.2207,-0.0649,1.519,-2.084,-1.176,26.18
2.2471,0.9824,-0.2253,-0.0657,2.496,-2.603,-1.328,25.98
2.2547,0.9829,-0.2285,-0.0632,2.122,-2.924,-1.084,25.84
2.2636,0.9790,-0.2292,-0.0574,1.985,-2.107,-0.977,25.84
2.2747,0.9785,-0.2310,-0.0630,2.053,-2.298,-1.023,25.60
2.2843,0.9819,-0.2227,-0.0659,2.374,-3.153,-1.420,25.79
2.2930,0.9790,-0.2285,-0.0649,2.000,-1.756,-1.466,25.94
2.3058,0.9824,-0.2217,-0.0669,2.115,-2.221,-1.473,25.79
2.3153,0.9824,-0.2207,-0.0676,1.412,-1.305,-1.061,25.50
2.3264,0.9773,-0.2246,-0.0747,2.229,-2.237,-0.947,25.65
2.3364,0.9841,-0.2285,-0.0640,2.198,-2.527,-1.099,25.79
2.3430,0.9792,-0.2317,-0.0647,2.305,-2.611,-1.084,25.41
2.3536,0.9817,-0.2317,-0.0603,2.176,-2.954,-1.389,25.74
2.3629,0.9836,-0.2273,-0.0591,2.260,-2.885,-1.466,25.79
2.3767,0.9790,-0.2263,-0.0698,1.977,-2.504,-1.733,25.22
2.3870,0.9810,-0.2222,-0.0667,1.977,-2.733,-1.527,25.79
2.4009,0.9800,-0.2253,-0.0732,2.160,-2.382,-1.260,25.65
2.4056,0.9854,-0.2227,-0.0630,2.168,-2.313,-1.069,25.65
2.4233,0.9812,-0.2261,-0.0635,2.153,-2.748,-1.145,25.84
2.4257,0.9827,-0.2317,-0.0647,2.099,-2.420,-1.168,25.46
2.4361,0.9810,-0.2307,-0.0696,1.809,-2.313,-1.153,25.94
2.4460,0.9832,-0.2290,-0.0613,2.275,-2.603,-1.550,25.79
2.4545,0.9832,-0.2234,-0.0647,2.145,-2.885,-1.313,25.50
2.4637,0.9861,-0.2234,-0.0688,2.183,-2.870,-1.405,25.41
2.4748,0.9839,-0.2256,-0.0757,2.305,-2.359,-1.031,25.65
2.4852,0.9829,-0.2266,-0.0706,2.198,-2.664,-1.412,25.74
2.4953,0.9807,-0.2278,-0.0647,2.076,-2.878,-1.305,25.98
2.5045,0.9827,-0.2280,-0.0671,1.977,-2.069,-1.099,25.84
2.5137,0.9817,-0.2263,-0.0703,2.405,-3.321,-1.557,26.18
2.5246,0.9827,-0.2244,-0.0637,1.985,-2.214,-1.313,25.94
2.5341,0.9846,-0.2246,-0.0615,1.809,-1.786,-1.313,25.94
2.5522,0.9814,-0.2261,-0.0640,2.397,-2.863,-1.130,25.94
2.5551,0.9817,-0.2283,-0.0623,2.198,-2.611,-1.328,25.79
2.5672,0.9812,-0.2256,-0.0688,1.664,-1.550,-1.130,25.74
2.5770,0.9807,-0.2244,-0.0664,2.237,-2.275,-1.130,25.98
2.5878,0.9878,-0.2271,-0.0662,1.969,-2.183,-1.275,26.18
2.5957,0.9836,-0.2278,-0.0703,2.031,-2.305,-1.191,25.74
2.6047,0.9829,-0.2231,-0.0693,2.282,-2.954,-1.115,25.65
2.6146,0.9841,-0.2266,-0.0681,2.305,-2.641,-1.214,25.50
2.6227,0.9834,-0.2258,-0.0632,2.176,-2.137,-1.061,25.50
2.6334,0.9866,-0.2256,-0.0625,2.176,-2.450,-1.130,25.46
2.6437,0.9846,-0.2251,-0.0684,2.344,-2.985,-1.366,25.94
2.6583,0.9836,-0.2246,-0.0701,2.031,-2.397,-1.252,25.79
2.6654,0.9817,-0.2229,-0.0720,2.153,-2.931,-1.008,25.79
2.6753,0.9785,-0.2339,-0.0669,2.305,-2.924,-1.053,25.84
2.6897,0.9817,-0.2280,-0.0623,2.237,-2.557,-1.443,25.60
2.6951,0.9802,-0.2297,-0.0649,2.344,-2.962,-1.366,25.31
2.7057,0.9817,-0.2288,-0.0676,1.351,-1.145,-1.351,25.65
2.7259,0.9810,-0.2285,-0.0625,2.244,-2.580,-1.328,25.60
2.7298,0.9868,-0.2217,-0.0579,-4.557,10.336,0.046,25.98
2.7384,0.9832,-0.2263,-0.0752,2.321,-2.496,-1.069,25.84
2.7453,0.9812,-0.2263,-0.0696,1.435,-0.664,-1.183,25.46
2.7566,0.9810,-0.2290,-0.0671,2.084,-2.786,-1.374,25.98
2.7672,0.9802,-0.2266,-0.0642,2.405,-2.656,-1.519,25.94
2.7731,0.9814,-0.2231,-0.0601,2.191,-2.733,-1.580,25.84
2.7885,0.9844,-0.2266,-0.0620,2.107,-2.496,-1.153,25.79
2.7925,0.9839,-0.2219,-0.0593,6.565,-12.244,-2.267,25.84
2.8080,0.9824,-0.2236,-0.0696,2.023,-2.069,-1.000,25.84
2.8176,0.9812,-0.2283,-0.0725,2.305,-2.473,-0.824,25.27
2.8236,0.9822,-0.2288,-0.0596,2.313,-2.435,-1.519,25.74
2.8363,0.9805,-0.2278,-0.0623,2.290,-3.130,-1.298,25.27
2.8447,0.9836,-0.2263,-0.0684,2.130,-2.710,-1.397,25.94
2.8530,0.9797,-0.2253,-0.0657,2.015,-2.656,-1.244,25.94
2.8629,0.9834,-0.2271,-0.0640,2.313,-2.618,-1.328,25.98
2.8814,0.9863,-0.2268,-0.0569,2.198,-2.817,-1.229,26.13
2.8838,0.9832,-0.2288,-0.0635,2.359,-2.695,-1.099,25.94
2.8941,0.9827,-0.2278,-0.0645,2.168,-2.695,-1.198,25.50
2.9074,0.9778,-0.2275,-0.0640,2.053,-2.198,-1.366,25.74
2.9145,0.9810,-0.2256,-0.0681,1.916,-2.901,-1.221,25.74
2.9234,0.9836,-0.2258,-0.0559,2.252,-2.962,-1.244,25.46
2.9376,0.9788,-0.2283,-0.0632,2.221,-2.382,-1.374,25.50
2.9478,0.9824,-0.2283,-0.0566,1.496,-0.985,-0.809,25.50
2.9593,0.9824,-0.2273,-0.0654,2.221,-2.313,-1.344,25.74
2.9636,0.9893,-0.2236,-0.0598,1.481,-3.580,-1.565,25.60
2.9872,0.9841,-0.2219,-0.0620,2.084,-2.664,-1.595,25.84
2.9901,0.9841,-0.2192,-0.0625,1.687,-2.069,-1.313,25.94
2.9958,0.9836,-0.2273,-0.0669,1.985,-2.718,-1.115,25.84
3.0057,0.9858,-0.2261,-0.0649,0.786,0.420,-1.099,25.22
3.0152,0.9846,-0.2261,-0.0698,2.412,-2.931,-1.229,25.74
3.0259,0.9790,-0.2275,-0.0669,2.374,-2.855,-1.351,25.84
3.0364,0.9807,-0.2266,-0.0645,2.130,-2.473,-1.221,25.98
3.0492,0.9790,-0.2261,-0.0647,0.969,-0.718,-1.176,25.65
3.0548,0.9834,-0.2288,-0.0637,2.298,-2.389,-1.679,25.50
3.0710,0.9824,-0.2268,-0.0662,1.870,-2.405,-1.282,25.84
3.0739,0.9851,-0.2253,-0.0640,6.595,-11.122,-2.344,25.79
3.0898,0.9805,-0.2266,-0.0654,2.061,-2.344,-1.137,25.27
3.0935,0.9812,-0.2266,-0.0640,6.237,-10.191,-2.107,25.79
3.1047,0.9783,-0.2278,-0.0715,1.832,-2.580,-1.198,25.94
3.1153,0.9778,-0.2273,-0.0645,2.076,-2.840,-1.168,25.79
3.1231,0.9844,-0.2239,-0.0552,2.214,-2.779,-1.168,25.94
3.1346,0.9846,-0.2231,-0.0630,2.267,-2.947,-1.405,25.65
3.1463,0.9834,-0.2258,-0.0610,2.038,-2.542,-1.160,25.79
3.1533,0.9832,-0.2285,-0.0627,0.847,0.023,-0.908,25.84
3.1629,0.9783,-0.2290,-0.0642,2.534,-2.908,-1.160,25.60
3.1757,0.9802,-0.2271,-0.0703,2.069,-2.573,-1.198,25.94
3.1858,0.9802,-0.2236,-0.0613,2.198,-2.824,-1.275,26.27
3.1926,0.9827,-0.2261,-0.0635,0.840,-0.359,-0.947,26.03
3.2052,0.9810,-0.2280,-0.0647,1.954,-2.244,-1.420,25.31
3.2173,0.9824,-0.2280,-0.0654,2.137,-2.893,-1.489,25.50
3.2257,0.9824,-0.2241,-0.0645,2.008,-2.664,-0.985,25.50
3.2383,0.9858,-0.2258,-0.0684,2.084,-2.550,-1.405,25.50
3.2450,0.9800,-0.2278,-0.0591,2.076,-2.618,-1.397,25.94
3.2558,0.9824,-0.2278,-0.0598,2.130,-2.336,-0.969,25.74
3.2693,0.9792,-0.2319,-0.0649,2.069,-2.176,-1.374,25.65
3.2759,0.9858,-0.2261,-0.0635,1.985,-2.542,-1.427,25.50
3.2899,0.9822,-0.2285,-0.0645,1.893,-2.412,-1.084,25.94
3.2923,0.9885,-0.2229,-0.0581,-2.771,6.679,-0.076,25.46
3.3043,0.9829,-0.2246,-0.0583,2.275,-2.115,-1.534,25.98
3.3228,0.9839,-0.2244,-0.0715,2.000,-2.534,-1.084,25.27
3.3280,0.9832,-0.2268,-0.0747,1.641,-2.053,-1.008,25.94
3.3396,0.9832,-0.2283,-0.0659,2.336,-2.855,-1.122,25.60
3.3437,0.9829,-0.2241,-0.0730,4.977,-7.168,-1.855,25.94
3.3591,0.9802,-0.2251,-0.0598,2.115,-2.611,-1.580,25.46
3.3646,0.9824,-0.2246,-0.0688,4.733,-6.649,-1.870,25.60
3.3740,0.9839,-0.2268,-0.0630,2.313,-3.008,-1.328,25.65
3.3894,0.9810,-0.2283,-0.0676,2.031,-2.794,-1.221,25.74
3.4013,0.9824,-0.2236,-0.0593,2.374,-2.916,-1.267,25.94
3.4039,0.9846,-0.2256,-0.0613,7.603,-12.878,-2.298,25.94
3.4137,0.9802,-0.2246,-0.0676,2.489,-3.641,-1.092,25.94
3.4226,0.9873,-0.2268,-0.0662,2.298,-3.206,-1.641,25.50
3.4360,0.9812,-0.2258,-0.0686,2.107,-2.641,-1.511,25.84
3.4440,0.9827,-0.2268,-0.0645,1.069,-0.679,-1.053,25.27
3.4547,0.9839,-0.2300,-0.0627,1.931,-2.534,-1.153,25.50
3.4655,0.9871,-0.2256,-0.0620,1.985,-2.221,-0.969,25.46
3.4880,0.9822,-0.2239,-0.0708,2.191,-2.603,-1.389,26.13
3.4903,0.9746,-0.2200,-0.0723,-2.542,8.137,-0.298,25.60
3.4929,0.9885,-0.2134,-0.0649,1.939,-2.824,-1.191,25.65
3.5082,0.9851,-0.2217,-0.0640,2.221,-2.282,-1.412,25.65
3.5192,0.9819,-0.2253,-0.0662,1.893,-2.710,-0.985,25.79
3.5233,0.9805,-0.2258,-0.0771,1.931,-2.344,-1.031,26.18
3.5371,0.9839,-0.2280,-0.0596,2.145,-2.527,-1.099,25.60
3.5509,0.9868,-0.2295,-0.0635,2.000,-2.427,-1.336,25.31
3.5532,0.9807,-0.2241,-0.0627,6.427,-10.275,-2.458,25.84
3.5658,0.9802,-0.2275,-0.0657,2.198,-2.611,-1.267,25.98
3.5760,0.9788,-0.2234,-0.0667,2.443,-2.931,-1.351,25.84
3.5825,0.9841,-0.2212,-0.0615,1.718,-1.580,-1.115,25.79
3.5933,0.9846,-0.2258,-0.0586,2.214,-2.756,-1.282,25.79
3.6029,0.9839,-0.2234,-0.0637,2.328,-2.504,-1.351,25.79
3.6140,0.9832,-0.2261,-0.0681,2.145,-2.244,-1.153,25.84
3.6229,0.9841,-0.2305,-0.0598,2.130,-2.656,-1.344,25.79
3.6377,0.9819,-0.2268,-0.0657,2.122,-2.496,-0.962,25.79
3.6476,0.9817,-0.2278,-0.0693,2.382,-2.908,-1.534,25.94
3.6552,0.9829,-0.2263,-0.0706,1.595,-0.573,-1.084,25.79
3.6723,0.9814,-0.2244,-0.0659,2.176,-2.679,-1.145,25.94
3.6770,0.9814,-0.2241,-0.0625,6.160,-10.076,-2.321,25.65
3.6835,0.9817,-0.2246,-0.0625,1.863,-2.023,-1.496,26.13
3.6933,0.9841,-0.2231,-0.0708,2.214,-2.450,-1.573,25.84
3.7062,0.9819,-0.2217,-0.0625,1.901,-2.794,-1.366,25.98
3.7168,0.9854,-0.2310,-0.0632,2.160,-2.618,-1.061,25.60
3.7239,0.9824,-0.2273,-0.0610,1.267,-0.786,-0.916,25.94
3.7391,0.9829,-0.2300,-0.0684,1.969,-2.282,-1.168,25.65
3.7457,0.9800,-0.2327,-0.0676,6.282,-10.359,-1.992,25.74
3.7562,0.9824,-0.2283,-0.0627,2.183,-2.573,-1.496,25.84
3.7668,0.9832,-0.2244,-0.0659,2.000,-2.344,-1.824,25.94
3.7755,0.9814,-0.2212,-0.0674,2.366,-2.504,-1.626,25.84
3.7885,0.9795,-0.2239,-0.0645,2.168,-2.588,-0.389,25.98
3.7986,0.9819,-0.2292,-0.0630,1.145,-1.160,-1.168,25.79
3.8050,0.9817,-0.2283,-0.0688,2.168,-2.847,-0.885,25.94
3.8179,0.9775,-0.2312,-0.0647,2.298,-3.168,-1.649,25.60
3.8241,0.9827,-0.2246,-0.0630,2.374,-2.939,-1.542,26.03
3.8357,0.9858,-0.2249,-0.0642,2.282,-2.878,-1.260,25.74
3.8517,0.9819,-0.2251,-0.0671,2.130,-2.519,-1.412,25.98
3.8539,0.9851,-0.2236,-0.0635,1.344,-0.985,-1.107,25.98
3.8643,0.9856,-0.2227,-0.0640,2.206,-2.542,-1.237,25.79
3.8750,0.9783,-0.2263,-0.0637,2.382,-2.908,-1.099,25.79
3.8868,0.9832,-0.2246,-0.0664,2.145,-2.603,-1.229,25.94
3.8970,0.9807,-0.2234,-0.0671,3.305,-4.176,-1.328,26.03
3.9044,0.9807,-0.2317,-0.0676,1.962,-2.359,-1.107,26.03
3.9146,0.9844,-0.2249,-0.0593,2.115,-2.824,-1.634,25.27
3.9228,0.9851,-0.2258,-0.0610,2.168,-3.160,-1.336,25.60
3.9363,0.9814,-0.2302,-0.0630,2.366,-2.397,-1.244,25.41
3.9462,0.9814,-0.2290,-0.0618,2.435,-2.725,-1.260,25.98
3.9525,0.9812,-0.2305,-0.0725,1.153,-0.611,-0.855,25.60
3.9634,0.9800,-0.2283,-0.0679,2.107,-2.412,-1.550,25.84
3.9817,0.9824,-0.2236,-0.0593,1.962,-2.328,-1.420,25.79
3.9879,0.9849,-0.2227,-0.0688,6.725,-10.908,-2.092,25.65
3.9985,0.9885,-0.2310,-0.0625,2.145,-2.153,-1.557,25.74
4.0047,0.9868,-0.2278,-0.0632,2.458,-3.412,-1.206,25.74
4.0195,0.9807,-0.2302,-0.0691,1.733,-2.046,-0.977,25.84
4.0265,0.9822,-0.2241,-0.0659,2.023,-2.740,-1.649,25.84
4.0325,0.9854,-0.2290,-0.0637,2.221,-2.817,-1.397,25.79
4.0433,0.9807,-0.2283,-0.0630,2.214,-2.863,-1.313,25.94
4.0583,0.9851,-0.2258,-0.0588,2.206,-2.359,-1.130,25.41
4.0630,0.9854,-0.2261,-0.0623,6.740,-12.191,-2.336,25.84
4.0777,0.9812,-0.2280,-0.0588,2.046,-2.603,-1.313,25.65
4.0851,0.9841,-0.2329,-0.0664,2.542,-3.412,-1.779,26.13
4.0939,0.9773,-0.2227,-0.0698,2.214,-2.824,-1.344,25.60
4.1080,0.9805,-0.2246,-0.0583,2.229,-2.649,-1.053,25.79
4.1193,0.9829,-0.2231,-0.0715,2.237,-2.305,-1.206,25.31
4.1241,0.9871,-0.2244,-0.0654,1.962,-2.702,-1.321,25.84
4.1369,0.9797,-0.2285,-0.0706,2.107,-2.695,-1.145,25.79
4.1465,0.9861,-0.2231,-0.0671,2.321,-2.908,-1.397,25.65
4.1562,0.9827,-0.2224,-0.0637,2.237,-2.191,-1.389,25.84
4.1644,0.9827,-0.2263,-0.0676,1.359,-1.397,-1.031,25.98
4.1747,0.9827,-0.2266,-0.0691,2.336,-2.534,-1.229,26.13
4.1852,0.9805,-0.2244,-0.0684,2.198,-2.366,-1.313,26.18
4.1934,0.9810,-0.2261,-0.0603,2.115,-2.672,-1.298,25.65
4.2063,0.9851,-0.2263,-0.0679,2.176,-2.832,-1.260,25.50
4.2133,0.9819,-0.2288,-0.0618,2.053,-2.664,-1.206,25.46
4.2250,0.9849,-0.2246,-0.0649,2.344,-2.099,-1.336,25.65
4.2355,0.9827,-0.2271,-0.0649,1.817,-1.672,-1.565,25.31
4.2488,0.9827,-0.2227,-0.0623,2.191,-2.412,-1.496,25.98
4.2534,0.9919,-0.2227,-0.0574,4.282,-8.084,-1.870,26.03
4.2663,0.9832,-0.2268,-0.0618,2.153,-2.611,-1.221,25.50
4.2749,0.9795,-0.2266,-0.0649,2.420,-2.733,-1.260,25.60
4.2879,0.9829,-0.2271,-0.0649,2.183,-2.489,-1.282,25.60
4.2928,0.9805,-0.2305,-0.0647,5.130,-6.893,-2.137,25.74
4.3062,0.9800,-0.2241,-0.0642,2.092,-2.504,-1.321,25.46
4.3177,0.9805,-0.2239,-0.0679,1.962,-2.336,-1.061,25.84
4.3248,0.9839,-0.2268,-0.0703,1.137,-0.595,-1.779,25.50
4.3376,0.9863,-0.2253,-0.0681,2.061,-2.779,-0.634,25.79
4.3478,0.9824,-0.2295,-0.0627,1.977,-2.710,-0.885,25.50
4.3620,0.9817,-0.2278,-0.0674,2.168,-2.473,-1.511,26.03
4.3668,0.9822,-0.2285,-0.0640,2.176,-2.466,-1.313,25.79
4.3763,0.9802,-0.2292,-0.0637,1.550,-1.366,-1.237,25.84
4.3922,0.9832,-0.2249,-0.0657,2.038,-2.588,-1.443,25.84
4.3978,0.9817,-0.2251,-0.0674,1.550,-1.573,-1.237,25.79
4.4060,0.9790,-0.2249,-0.0608,1.359,-0.962,-1.328,25.60
4.4166,0.9819,-0.2253,-0.0718,1.885,-2.206,-1.359,25.94
4.4264,0.9812,-0.2239,-0.0662,2.336,-3.076,-1.061,25.74
4.4346,0.9788,-0.2271,-0.0696,1.351,-0.992,-1.137,25.79
4.4470,0.9790,-0.2261,-0.0706,2.107,-1.878,-0.870,25.31
4.4575,0.9807,-0.2275,-0.0659,1.924,-2.244,-1.466,25.74
4.4644,0.9851,-0.2300,-0.0586,3.076,-3.954,-1.382,25.98
4.4810,0.9856,-0.2244,-0.0588,2.198,-2.427,-1.282,25.50
4.4839,0.9783,-0.2241,-0.0664,6.443,-10.496,-2.191,25.74
4.4971,0.9795,-0.2251,-0.0620,2.344,-3.191,-0.893,25.65
4.5068,0.9824,-0.2256,-0.0649,2.053,-2.466,-1.420,25.74
4.5158,0.9827,-0.2214,-0.0679,1.977,-2.282,-1.130,25.74
4.5250,0.9832,-0.2280,-0.0608,2.328,-2.435,-1.122,25.60
4.5344,0.9812,-0.2258,-0.0637,2.084,-2.176,-1.336,25.98
4.5521,0.9819,-0.2268,-0.0686,1.885,-2.588,-1.260,25.94
4.5561,0.9839,-0.2261,-0.0654,2.863,-3.710,-1.313,25.65
4.5665,0.9854,-0.2271,-0.0659,2.298,-2.786,-1.412,25.12
4.5730,0.9866,-0.2227,-0.0681,2.389,-2.580,-1.107,25.31
4.5872,0.9807,-0.2236,-0.0554,1.969,-2.206,-1.344,25.79
4.6007,0.9878,-0.2285,-0.0645,2.344,-2.603,-1.427,25.65
4.6034,0.9841,-0.2271,-0.0706,6.992,-13.550,-2.260,25.84
4.6156,0.9873,-0.2258,-0.0669,1.954,-2.298,-1.481,25.79
4.6226,0.9790,-0.2249,-0.0632,2.038,-2.916,-1.473,25.79
4.6385,0.9858,-0.2268,-0.0583,2.000,-2.527,-1.290,25.94
4.6445,0.9851,-0.2246,-0.0620,3.153,-3.969,-1.649,25.84
4.6554,0.9866,-0.2219,-0.0647,2.099,-2.504,-1.550,25.31
4.6701,0.9822,-0.2246,-0.0627,2.305,-2.443,-1.382,25.84
4.6785,0.9812,-0.2229,-0.0703,3.756,-5.496,-1.626,26.03
4.6865,0.9841,-0.2268,-0.0593,2.061,-2.344,-1.115,25.98
4.6940,0.9817,-0.2312,-0.0603,2.863,-3.565,-1.603,25.84
4.7069,0.9797,-0.2234,-0.0659,2.069,-2.336,-1.206,25.98
4.7167,0.9854,-0.2271,-0.0696,2.061,-2.817,-1.229,25.22
4.7257,0.9841,-0.2271,-0.0652,1.985,-2.191,-1.244,25.65
4.7379,0.9829,-0.2263,-0.0601,1.901,-2.634,-1.252,25.79
4.7481,0.9866,-0.2241,-0.0649,2.153,-2.740,-1.389,25.94
4.7565,0.9844,-0.2251,-0.0632,2.214,-2.550,-1.344,25.60
4.7655,0.9832,-0.2268,-0.0706,2.115,-2.061,-1.366,25.84
4.7770,0.9817,-0.2297,-0.0652,2.107,-2.489,-1.206,25.94
4.7845,0.9832,-0.2285,-0.0632,2.282,-2.397,-1.275,25.50
4.7935,0.9851,-0.2253,-0.0657,2.260,-2.443,-1.672,25.79
4.8072,0.9829,-0.2268,-0.0632,2.198,-2.366,-1.351,25.84
4.8182,0.9805,-0.2249,-0.0664,2.084,-2.649,-1.412,26.03
4.8281,0.9829,-0.2268,-0.0649,2.046,-2.550,-1.603,26.03
4.8347,0.9822,-0.2231,-0.0676,2.084,-2.695,-1.145,25.84
4.8449,0.9805,-0.2231,-0.0674,2.405,-2.985,-1.351,25.65
4.8527,0.9832,-0.2268,-0.0664,1.550,-1.489,-1.008,25.84
4.8653,0.9802,-0.2283,-0.0720,2.092,-2.809,-1.267,25.60
4.8747,0.9810,-0.2266,-0.0562,2.244,-3.008,-1.382,25.79
4.8829,0.9817,-0.2244,-0.0627,2.466,-2.954,-1.550,26.13
4.8930,0.9814,-0.2271,-0.0603,2.275,-2.649,-1.550,25.31
4.9045,0.9832,-0.2234,-0.0686,2.450,-2.863,-1.275,25.98
4.9146,0.9824,-0.2244,-0.0671,1.962,-2.527,-1.458,25.46
4.9248,0.9812,-0.2278,-0.0618,1.565,-1.344,-1.176,25.65
4.9346,0.9822,-0.2253,-0.0657,2.443,-3.176,-1.336,25.74
4.9463,0.9810,-0.2263,-0.0701,2.168,-2.595,-1.313,25.79
4.9525,0.9846,-0.2229,-0.0718,1.275,-0.992,-0.977,25.79
4.9644,0.9861,-0.2280,-0.0610,2.038,-2.466,-1.328,25.46
4.9835,0.9790,-0.2271,-0.0667,2.298,-2.740,-1.313,25.74
4.9936,0.9836,-0.2297,-0.0647,1.168,-1.137,-0.870,25.98
4.9968,0.9839,-0.2224,-0.0598,2.160,-2.718,-1.115,25.74
5.0052,0.9841,-0.2217,-0.0652,1.290,-0.824,-0.985,25.60
5.0151,0.9858,-0.2258,-0.0605,2.168,-3.076,-1.443,25.74
5.0249,0.9844,-0.2283,-0.0686,2.206,-2.450,-1.466,25.84
5.0351,0.9819,-0.2234,-0.0635,1.626,-1.366,-1.183,25.98
5.0446,0.9824,-0.2258,-0.0686,2.351,-2.511,-1.221,26.18
5.0539,0.9807,-0.2278,-0.0664,2.160,-2.611,-1.237,25.84
5.0659,0.9834,-0.2236,-0.0610,2.252,-2.992,-1.191,25.74
5.0759,0.9805,-0.2239,-0.0603,2.115,-2.756,-1.290,25.65
5.0832,0.9819,-0.2241,-0.0669,1.939,-2.099,-1.221,25.98
5.0931,0.9834,-0.2249,-0.0674,2.321,-2.611,-1.282,25.50
5.1047,0.9844,-0.2271,-0.0632,2.191,-2.901,-1.275,26.18
5.1149,0.9824,-0.2251,-0.0691,2.198,-2.550,-1.038,25.65
5.1227,0.9812,-0.2249,-0.0571,1.176,-0.641,-0.878,25.65
5.1384,0.9846,-0.2275,-0.0645,2.023,-2.443,-1.328,25.46
5.1443,0.9846,-0.2234,-0.0649,2.046,-2.687,-1.260,25.98
5.1530,0.9795,-0.2285,-0.0681,2.206,-2.847,-1.206,25.98
5.1648,0.9844,-0.2271,-0.0676,2.420,-2.947,-1.397,25.79
5.1748,0.9800,-0.2258,-0.0640,2.435,-2.992,-1.557,25.79
5.1836,0.9819,-0.2241,-0.0667,2.137,-2.931,-1.046,25.65
5.1940,0.9829,-0.2271,-0.0671,2.305,-2.824,-1.305,25.98
5.2067,0.9817,-0.2251,-0.0627,1.969,-2.649,-1.412,25.50
5.2125,0.9797,-0.2290,-0.0620,1.229,-1.046,-0.840,25.94
5.2229,0.9827,-0.2266,-0.0652,2.489,-2.855,-1.244,25.84
5.2358,0.9824,-0.2234,-0.0603,2.115,-2.534,-1.298,25.60
5.2452,0.9814,-0.2283,-0.0586,2.122,-2.573,-1.183,25.74
5.2538,0.9827,-0.2273,-0.0610,2.405,-2.397,-1.221,26.03
5.2658,0.9849,-0.2236,-0.0662,2.359,-3.000,-1.351,25.94
5.2804,0.9822,-0.2305,-0.0669,2.115,-2.397,-1.229,25.65
5.2829,0.9785,-0.2180,-0.0542,-3.252,8.679,-0.366,25.98
5.2925,0.9800,-0.2236,-0.0566,2.282,-2.458,-1.656,25.94
5.3058,0.9792,-0.2256,-0.0693,1.969,-2.412,-1.374,25.74
5.3159,0.9807,-0.2244,-0.0647,2.420,-3.008,-1.237,25.74
5.3283,0.9819,-0.2258,-0.0679,1.061,-0.321,-1.168,25.94
5.3341,0.9819,-0.2241,-0.0686,2.115,-2.664,-0.977,25.41
5.3570,0.9846,-0.2229,-0.0625,2.107,-2.489,-0.756,25.60
5.3610,0.9834,-0.2317,-0.0649,6.420,-9.977,-2.489,25.41
5.3645,0.9792,-0.2153,-0.0684,6.466,-11.458,-1.847,25.50
5.3770,0.9800,-0.2236,-0.0583,2.107,-2.779,-1.672,25.79
5.3841,0.9871,-0.2302,-0.0701,1.458,-0.588,-0.351,25.84
5.3927,0.9797,-0.2263,-0.0654,2.061,-2.901,-1.191,25.94
5.4037,0.9807,-0.2222,-0.0676,2.267,-2.618,-2.298,25.79
5.4176,0.9841,-0.2251,-0.0627,2.244,-2.626,-0.626,25.84
5.4226,0.9797,-0.2290,-0.0637,2.328,-2.496,-1.855,25.46
5.4367,0.9836,-0.2209,-0.0686,2.084,-2.511,-1.229,25.74
5.4438,0.9785,-0.2305,-0.0640,1.939,-1.969,-0.321,25.46
5.4557,0.9824,-0.2249,-0.0681,1.985,-2.344,-1.718,25.46
5.4687,0.9832,-0.2273,-0.0645,2.069,-1.947,-0.977,25.98
5.4764,0.9800,-0.2285,-0.0615,1.809,-1.618,-1.298,25.79
5.4855,0.9851,-0.2288,-0.0708,1.931,-2.443,-1.435,25.60
5.4968,0.9817,-0.2241,-0.0684,0.893,-0.084,-0.725,25.31
5.5037,0.9829,-0.2219,-0.0664,2.084,-2.985,-1.000,25.50
5.5156,0.9836,-0.2280,-0.0635,2.153,-2.626,-1.435,25.84
5.5226,0.9856,-0.2283,-0.0681,0.656,-0.328,-0.664,25.79
5.5354,0.9797,-0.2231,-0.0671,2.305,-2.542,-1.214,26.13
5.5482,0.9832,-0.2275,-0.0635,2.099,-2.618,-1.290,25.94
5.5529,0.9812,-0.2214,-0.0664,2.702,-3.183,-1.122,25.94
5.5665,0.9841,-0.2288,-0.0635,1.939,-2.580,-1.466,25.60
5.5759,0.9790,-0.2234,-0.0603,2.137,-2.603,-1.718,25.79
5.5865,0.9824,-0.2236,-0.0618,1.908,-2.382,-1.160,25.98
5.5936,0.9829,-0.2292,-0.0649,2.573,-3.214,-1.473,25.74
5.6028,0.9858,-0.2236,-0.0635,2.046,-2.489,-1.191,25.79
5.6165,0.9832,-0.2239,-0.0627,1.924,-2.145,-1.183,25.60
5.6229,0.9805,-0.2246,-0.0559,1.695,-1.557,-1.176,25.98
5.6426,0.9844,-0.2290,-0.0581,2.214,-2.565,-1.038,25.98
5.6472,0.9841,-0.2266,-0.0625,7.840,-13.000,-2.519,25.65
5.6588,0.9829,-0.2256,-0.0610,2.130,-2.634,-1.351,25.50
5.6684,0.9797,-0.2278,-0.0667,1.969,-2.458,-1.595,25.74
5.6750,0.9851,-0.2283,-0.0588,3.962,-6.519,-1.771,25.50
5.6884,0.9854,-0.2278,-0.0679,2.244,-2.221,-1.214,25.94
5.6961,0.9895,-0.2219,-0.0681,7.031,-13.779,-2.374,25.94
5.7050,0.9805,-0.2300,-0.0674,2.244,-2.634,-1.344,25.94
5.7159,0.9856,-0.2268,-0.0696,2.107,-2.695,-1.153,25.98
5.7289,0.9797,-0.2283,-0.0662,2.405,-2.756,-1.412,25.84
5.7373,0.9832,-0.2246,-0.0664,2.160,-2.565,-1.557,25.79
5.7460,0.9797,-0.2268,-0.0635,1.191,-0.565,-0.847,25.94
5.7590,0.9788,-0.2241,-0.0679,2.244,-2.496,-1.321,25.94
5.7679,0.9822,-0.2241,-0.0623,2.435,-2.885,-1.046,25.65
5.7751,0.9810,-0.2297,-0.0686,1.038,0.015,-0.908,25.94
5.7879,0.9817,-0.2297,-0.0681,1.992,-2.405,-1.282,25.60
5.7963,0.9810,-0.2266,-0.0640,5.321,-7.511,-2.023,25.74
5.8030,0.9773,-0.2244,-0.0669,2.275,-2.313,-1.252,25.31
5.8187,0.9807,-0.2212,-0.0679,2.260,-2.298,-1.099,25.98
5.8240,0.9829,-0.2288,-0.0627,5.924,-9.916,-2.473,25.84
5.8371,0.9817,-0.2253,-0.0598,2.008,-2.298,-1.298,25.79
5.8443,0.9827,-0.2244,-0.0659,1.985,-2.267,-1.229,25.46
5.8525,0.9802,-0.2212,-0.0630,2.221,-2.603,-1.412,25.31
5.8649,0.9832,-0.2249,-0.0691,2.298,-2.794,-1.237,25.50
5.8767,0.9829,-0.2241,-0.0696,2.374,-2.282,-1.321,25.46
5.8825,0.9805,-0.2236,-0.0637,2.328,-2.817,-1.427,25.94
5.8981,0.9834,-0.2280,-0.0642,1.985,-2.496,-1.336,25.60
5.9054,0.9814,-0.2292,-0.0693,1.382,-1.046,-1.397,25.94
5.9177,0.9832,-0.2275,-0.0674,1.947,-2.748,-1.221,25.98
5.9268,0.9846,-0.2256,-0.0664,5.824,-9.252,-1.672,25.84
5.9334,0.9814,-0.2249,-0.0630,2.206,-3.069,-1.405,25.94
5.9432,0.9861,-0.2256,-0.0667,2.282,-2.885,-1.084,25.60
5.9529,0.9834,-0.2246,-0.0637,2.061,-2.901,-1.557,25.41
5.9677,0.9824,-0.2231,-0.0669,2.061,-2.450,-1.191,25.65
5.9774,0.9851,-0.2214,-0.0649,2.489,-3.542,-1.374,25.74
5.9850,0.9846,-0.2285,-0.0667,2.313,-2.733,-1.160,25.79
5.9974,0.9805,-0.2229,-0.0676,2.305,-2.977,-1.405,25.84
6.0039,0.9829,-0.2295,-0.0681,2.244,-3.000,-1.137,25.74
6.0169,0.9817,-0.2290,-0.0647,2.153,-2.550,-1.412,25.60
6.0260,0.9817,-0.2283,-0.0725,2.008,-2.626,-1.176,26.27
6.0352,0.9846,-0.2231,-0.0615,1.069,-0.046,-1.061,25.98
6.0526,0.9834,-0.2273,-0.0627,2.519,-2.435,-1.153,25.79
6.0550,0.9829,-0.2271,-0.0583,5.649,-10.359,-2.496,25.50
6.0662,0.9785,-0.2271,-0.0635,2.382,-2.725,-1.542,25.94
6.0759,0.9832,-0.2258,-0.0654,2.420,-2.901,-0.931,25.74
6.0845,0.9841,-0.2280,-0.0588,2.107,-2.336,-1.344,26.13
6.0964,0.9836,-0.2234,-0.0642,1.802,-1.527,-1.023,25.50
6.1029,0.9836,-0.2295,-0.0701,2.214,-2.786,-1.191,25.98
6.1177,0.9802,-0.2256,-0.0618,2.206,-2.565,-1.198,25.41
6.1226,0.9832,-0.2266,-0.0654,6.802,-11.237,-2.122,25.74
6.1369,0.9819,-0.2239,-0.0623,1.863,-2.275,-1.267,25.84
6.1457,0.9844,-0.2290,-0.0676,2.252,-2.748,-1.366,25.74
6.1574,0.9817,-0.2244,-0.0667,2.382,-3.229,-1.137,25.74
6.1671,0.9819,-0.2278,-0.0645,2.160,-2.672,-1.328,25.60
6.1811,0.9822,-0.2244,-0.0652,2.069,-2.221,-1.145,25.50
6.1895,0.9832,-0.2236,-0.0627,4.878,-7.626,-1.962,25.74
6.2029,0.9807,-0.2253,-0.0679,2.122,-2.863,-1.168,25.79
6.2084,0.9834,-0.2307,-0.0640,3.107,-3.573,-1.519,25.41
6.2141,0.9832,-0.2239,-0.0681,2.244,-2.824,-1.168,25.98
6.2320,0.9829,-0.2278,-0.0667,2.198,-2.786,-1.244,25.79
6.2374,0.9863,-0.2168,-0.0647,5.069,-10.275,-2.214,25.84
6.2457,0.9810,-0.2244,-0.0654,2.382,-3.115,-1.427,25.79
6.2571,0.9846,-0.2283,-0.0706,1.870,-2.817,-1.405,25.79
6.2641,0.9805,-0.2261,-0.0698,2.435,-3.069,-1.099,25.74
6.2755,0.9817,-0.2251,-0.0635,2.107,-2.725,-1.344,25.84
6.2884,0.9802,-0.2258,-0.0662,2.000,-2.550,-1.641,25.22
6.3000,0.9844,-0.2275,-0.0642,1.359,-1.145,-1.198,25.50
6.3028,0.9810,-0.2261,-0.0640,1.748,-1.924,-1.183,25.84
6.3139,0.9797,-0.2278,-0.0669,2.122,-2.702,-1.046,25.50
6.3280,0.9810,-0.2271,-0.0603,2.168,-2.649,-1.489,25.74
6.3361,0.9849,-0.2266,-0.0642,6.191,-10.519,-2.191,25.98
6.3454,0.9841,-0.2268,-0.0732,2.084,-2.565,-1.137,25.94
6.3546,0.9824,-0.2263,-0.0659,2.145,-2.443,-1.397,25.46
6.3701,0.9827,-0.2273,-0.0618,2.153,-2.366,-1.466,25.60
6.3746,0.9834,-0.2275,-0.0669,4.466,-6.740,-1.824,25.65
6.3894,0.9844,-0.2273,-0.0713,2.076,-2.351,-1.076,26.03
6.3941,0.9817,-0.2219,-0.0647,2.588,-6.565,-1.588,25.79
6.4035,0.9795,-0.2249,-0.0688,2.053,-2.244,-1.237,26.32
6.4164,0.9844,-0.2251,-0.0684,1.977,-2.481,-1.405,25.65
6.4240,0.9839,-0.2222,-0.0657,2.496,-3.519,-1.534,25.31
6.4371,0.9822,-0.2295,-0.0686,2.053,-2.298,-1.145,25.65
6.4442,0.9849,-0.2275,-0.0676,1.931,-2.534,-1.427,25.65
6.4526,0.9822,-0.2214,-0.0593,2.336,-3.107,-1.565,25.65
6.4650,0.9817,-0.2263,-0.0657,2.130,-2.557,-1.145,25.94
6.4833,0.9839,-0.2261,-0.0708,2.145,-2.908,-1.366,25.79
6.4873,0.9800,-0.2271,-0.0671,1.656,-1.260,-1.260,25.41
6.5007,0.9805,-0.2261,-0.0615,2.237,-2.260,-1.305,25.98
6.5034,0.9827,-0.2239,-0.0598,6.840,-12.359,-2.252,25.60
6.5208,0.9807,-0.2285,-0.0669,2.046,-2.344,-1.061,26.13
6.5253,0.9932,-0.2263,-0.0688,-3.053,7.985,-0.031,25.79
6.5348,0.9827,-0.2266,-0.0652,2.221,-2.863,-1.435,25.98
6.5446,0.9844,-0.2253,-0.0679,2.160,-2.733,-1.313,25.94
6.5556,0.9829,-0.2241,-0.0659,2.336,-2.901,-1.382,25.79
6.5655,0.9846,-0.2246,-0.0725,2.550,-3.092,-1.282,25.74
6.5753,0.9819,-0.2249,-0.0630,2.313,-2.756,-1.214,25.79
6.5830,0.9839,-0.2258,-0.0593,2.084,-2.511,-1.038,25.84
6.5994,0.9819,-0.2239,-0.0640,2.053,-2.366,-1.031,25.60
6.6052,0.9810,-0.2251,-0.0618,1.168,-0.863,-0.992,25.65
6.6159,0.9841,-0.2258,-0.0632,1.939,-2.405,-1.153,25.50
6.6235,0.9841,-0.2246,-0.0598,1.382,-1.122,-1.137,25.74
6.6368,0.9836,-0.2205,-0.0674,2.046,-2.267,-1.244,25.94
6.6486,0.9805,-0.2278,-0.0649,2.153,-2.756,-1.290,25.74
6.6585,0.9851,-0.2290,-0.0664,2.313,-2.802,-1.382,26.13
6.6647,0.9824,-0.2244,-0.0681,1.405,-0.977,-0.893,25.94
6.6771,0.9827,-0.2246,-0.0676,2.046,-2.443,-1.221,25.65
6.6861,0.9839,-0.2253,-0.0703,2.176,-2.603,-1.313,25.74
6.6969,0.9873,-0.2234,-0.0649,1.504,-0.733,-1.267,25.94
6.7038,0.9817,-0.2253,-0.0605,2.038,-2.756,-1.198,25.84
6.7191,0.9792,-0.2280,-0.0649,2.153,-2.504,-1.443,25.94
6.7256,0.9834,-0.2231,-0.0684,1.221,-0.641,-0.824,25.79
6.7341,0.9812,-0.2263,-0.0667,1.069,-1.115,-1.038,25.74
6.7439,0.9819,-0.2288,-0.0608,2.168,-2.595,-1.374,25.50
6.7531,0.9829,-0.2292,-0.0640,2.046,-2.885,-1.374,25.31
6.7648,0.9871,-0.2251,-0.0657,2.206,-2.573,-1.076,25.74
6.7766,0.9851,-0.2261,-0.0645,2.198,-2.237,-1.412,25.79
6.7831,0.9819,-0.2227,-0.0664,1.099,-1.267,-0.893,25.98
6.7979,0.9812,-0.2263,-0.0737,1.939,-2.527,-1.260,25.98
6.8076,0.9802,-0.2275,-0.0654,2.053,-2.878,-1.435,25.84
6.8141,0.9812,-0.2258,-0.0662,1.130,-0.916,-1.092,25.74
6.8228,0.9802,-0.2251,-0.0667,2.366,-2.870,-1.275,25.94
6.8368,0.9829,-0.2268,-0.0657,1.992,-2.412,-1.282,25.74
6.8486,0.9829,-0.2268,-0.0645,2.191,-2.687,-1.550,25.84
6.8531,0.9824,-0.2253,-0.0674,0.672,-0.420,-0.527,25.94
6.8646,0.9795,-0.2271,-0.0625,2.450,-2.878,-1.145,25.74
6.8763,0.9829,-0.2229,-0.0647,2.031,-2.198,-1.214,26.32
6.8827,0.9797,-0.2280,-0.0681,1.626,-1.466,-0.679,25.74
6.8944,0.9854,-0.2280,-0.0662,2.160,-2.595,-1.427,25.98
6.9069,0.9839,-0.2234,-0.0574,1.962,-2.573,-1.527,25.74
6.9166,0.9822,-0.2263,-0.0698,2.183,-2.214,-1.137,25.65
6.9251,0.9841,-0.2202,-0.0635,2.588,-2.969,-1.374,26.13
6.9345,0.9832,-0.2285,-0.0652,2.214,-2.901,-1.313,25.46
6.9447,0.9841,-0.2266,-0.0630,2.168,-2.687,-1.221,25.94
6.9549,0.9814,-0.2295,-0.0676,2.137,-2.542,-1.336,25.65
6.9691,0.9839,-0.2285,-0.0610,1.992,-2.595,-1.305,25.94
6.9732,0.9802,-0.2251,-0.0664,2.557,-3.183,-1.328,25.60
6.9892,0.9827,-0.2261,-0.0640,2.237,-2.450,-1.260,25.74
6.9950,0.9810,-0.2241,-0.0647,1.611,-1.122,-1.237,25.98
7.0079,0.9836,-0.2244,-0.0588,2.038,-2.458,-1.282,25.98
7.0192,0.9832,-0.2266,-0.0713,2.382,-2.496,-1.260,25.60
7.0245,0.9849,-0.2249,-0.0637,2.344,-2.771,-1.412,25.94
7.0360,0.9810,-0.2300,-0.0635,2.015,-2.282,-1.168,25.79
7.0442,0.9846,-0.2280,-0.0615,0.847,0.374,-1.008,25.74
7.0550,0.9839,-0.2285,-0.0706,2.084,-2.405,-1.511,25.94
7.0653,0.9829,-0.2212,-0.0681,1.511,-1.115,0.458,26.18
7.0751,0.9849,-0.2253,-0.0642,2.214,-3.290,-3.130,25.60
7.0838,0.9871,-0.2297,-0.0583,2.198,-2.786,-0.702,25.27
7.0930,0.9814,-0.2200,-0.0630,2.237,-3.053,-0.649,25.65
7.1046,0.9858,-0.2310,-0.0608,2.069,-2.786,-1.916,25.60
7.1178,0.9856,-0.2263,-0.0681,2.275,-2.450,-1.298,25.50
7.1230,0.9824,-0.2227,-0.0696,5.053,-8.679,-1.634,25.79
7.1377,0.9858,-0.2292,-0.0566,2.282,-2.595,-1.611,25.74
7.1453,0.9807,-0.2263,-0.0684,2.336,-3.053,-0.931,25.74
7.1532,0.9783,-0.2288,-0.0652,2.382,-2.931,-1.122,25.50
7.1659,0.9832,-0.2251,-0.0659,1.947,-2.832,-1.626,25.79
7.1759,0.9800,-0.2224,-0.0698,2.405,-2.695,-1.008,25.98
7.1845,0.9822,-0.2227,-0.0623,1.962,-2.328,-1.275,25.50
7.1945,0.9851,-0.2271,-0.0630,2.282,-2.771,-1.588,25.79
7.2060,0.9812,-0.2268,-0.0645,2.481,-2.519,-1.008,25.94
7.2183,0.9812,-0.2251,-0.0671,2.107,-2.420,-1.466,25.94
7.2230,0.9839,-0.2246,-0.0696,6.374,-11.489,-2.282,25.79
7.2344,0.9844,-0.2285,-0.0681,2.092,-2.977,-1.237,25.50
7.2525,0.9805,-0.2249,-0.0640,2.153,-2.328,-1.107,26.32
7.2549,0.9858,-0.2200,-0.0625,-0.779,2.573,-0.649,25.60
7.2659,0.9812,-0.2271,-0.0649,2.183,-2.458,-1.191,25.79
7.2766,0.9819,-0.2229,-0.0630,2.031,-2.130,-1.481,25.22
7.2854,0.9805,-0.2241,-0.0662,2.153,-2.534,-1.183,25.98
7.2982,0.9800,-0.2246,-0.0647,2.176,-2.748,-1.115,25.46
7.3051,0.9846,-0.2244,-0.0652,2.321,-3.084,-1.511,25.94
7.3170,0.9834,-0.2275,-0.0693,2.260,-2.992,-1.191,25.60
7.3289,0.9836,-0.2302,-0.0676,1.855,-2.351,-1.374,25.94
7.3376,0.9788,-0.2271,-0.0652,2.046,-2.275,-1.450,25.84
7.3474,0.9854,-0.2266,-0.0635,1.130,-1.206,-1.176,25.79
7.3558,0.9863,-0.2268,-0.0647,2.282,-2.542,-1.641,25.79
7.3666,0.9841,-0.2275,-0.0671,2.183,-2.344,-1.275,25.65
7.3791,0.9822,-0.2256,-0.0654,1.031,-0.893,-1.153,25.98
7.3828,0.9802,-0.2283,-0.0662,2.313,-2.939,-1.458,25.46
7.3925,0.9812,-0.2231,-0.0679,2.244,-2.534,-1.336,25.79
7.4067,0.9802,-0.2266,-0.0596,2.153,-2.656,-1.206,25.79
7.4201,0.9805,-0.2261,-0.0615,2.229,-2.489,-1.389,25.98
7.4226,0.9880,-0.2217,-0.0569,-3.656,8.237,-0.145,25.65
7.4365,0.9841,-0.2253,-0.0703,2.237,-2.412,-0.977,25.94
7.4436,0.9844,-0.2229,-0.0732,2.145,-2.481,-1.344,25.65
7.4549,0.9785,-0.2224,-0.0654,2.107,-2.420,-1.244,25.74
7.4647,0.9834,-0.2263,-0.0654,1.427,-1.405,-0.885,25.94
7.4835,0.9888,-0.2241,-0.0698,2.191,-2.481,-1.221,26.03
7.4863,0.9778,-0.2283,-0.0708,1.947,-2.191,-0.969,25.94
7.4977,0.9834,-0.2249,-0.0657,2.336,-2.817,-1.725,25.98
7.5045,0.9863,-0.2244,-0.0671,1.237,-1.168,-1.496,25.98
7.5152,0.9854,-0.2251,-0.0652,2.137,-2.626,-0.908,25.60
7.5272,0.9792,-0.2251,-0.0640,1.344,-1.420,-0.611,25.46
7.5366,0.9807,-0.2329,-0.0623,2.000,-2.489,-1.038,25.98
7.5478,0.9814,-0.2273,-0.0698,2.176,-2.305,-1.321,25.46
7.5526,0.9841,-0.2280,-0.0713,6.267,-10.748,-2.351,25.65
7.5660,0.9817,-0.2258,-0.0659,2.107,-2.160,-1.863,25.50
7.5756,0.9854,-0.2288,-0.0664,2.290,-2.603,-1.198,26.03
7.5829,0.9819,-0.2214,-0.0679,1.092,-1.191,-0.992,25.50
7.5963,0.9875,-0.2202,-0.0730,2.092,-2.374,-1.359,26.13
7.6083,0.9785,-0.2256,-0.0681,2.115,-2.443,-1.229,25.98
7.6135,0.9810,-0.2231,-0.0620,4.344,-6.214,-1.893,25.79
7.6236,0.9851,-0.2234,-0.0649,2.344,-2.832,-1.557,25.94
7.6401,0.9812,-0.2280,-0.0608,2.260,-2.344,-1.275,26.37
7.6447,0.9861,-0.2275,-0.0630,7.443,-12.656,-2.779,25.50
7.6558,0.9829,-0.2217,-0.0630,2.237,-2.450,-1.214,25.27
7.6655,0.9807,-0.2253,-0.0684,1.405,-1.115,-1.145,25.94
7.6750,0.9846,-0.2251,-0.0637,2.374,-2.611,-1.237,25.84
7.6838,0.9832,-0.2256,-0.0649,2.198,-2.550,-0.985,25.50
7.6984,0.9819,-0.2278,-0.0664,2.267,-2.672,-1.229,25.94
7.7057,0.9800,-0.2258,-0.0620,1.603,-0.824,-1.336,25.65
7.7186,0.9824,-0.2302,-0.0610,1.794,-2.298,-1.191,25.84
7.7226,0.9812,-0.2222,-0.0681,5.481,-10.687,-1.985,25.50
7.7362,0.9827,-0.2256,-0.0637,2.115,-2.672,-1.489,25.74
7.7475,0.9819,-0.2278,-0.0681,2.122,-2.534,-1.046,25.84
7.7546,0.9839,-0.2217,-0.0632,1.710,-1.412,-1.137,25.79
7.7668,0.9841,-0.2214,-0.0676,2.130,-2.992,-1.473,26.32
7.7822,0.9807,-0.2273,-0.0627,2.229,-2.550,-1.282,26.03
7.7844,0.9841,-0.2209,-0.0603,-2.695,6.099,0.061,25.94
7.7927,0.9780,-0.2249,-0.0642,1.626,-1.824,-1.305,25.94
7.8032,0.9797,-0.2273,-0.0610,2.328,-3.061,-1.389,25.22
7.8191,0.9807,-0.2249,-0.0610,2.099,-2.534,-1.351,25.50
7.8310,0.9854,-0.2236,-0.0645,2.153,-2.802,-1.290,25.50
7.8337,0.9829,-0.2249,-0.0706,6.832,-11.374,-1.847,25.84
7.8438,0.9868,-0.2253,-0.0620,2.191,-2.863,-1.290,25.46
7.8562,0.9851,-0.2258,-0.0637,2.153,-2.496,-1.084,25.98
7.8661,0.9841,-0.2273,-0.0635,1.618,-1.374,-1.031,25.22
7.8747,0.9802,-0.2258,-0.0574,1.985,-2.458,-1.282,25.50
7.8838,0.9836,-0.2278,-0.0576,2.099,-2.557,-1.519,25.79
7.8972,0.9807,-0.2231,-0.0635,2.198,-2.244,-1.313,25.74
7.9070,0.9836,-0.2290,-0.0615,2.305,-2.832,-1.580,25.60
7.9159,0.9817,-0.2207,-0.0627,2.244,-2.321,-1.244,26.03
7.9227,0.9795,-0.2229,-0.0652,1.115,-1.191,-0.802,25.74
7.9340,0.9824,-0.2234,-0.0627,2.076,-2.275,-1.115,25.46
7.9463,0.9829,-0.2285,-0.0642,2.023,-2.565,-1.198,25.74
7.9525,0.9839,-0.2273,-0.0630,2.344,-2.489,-1.328,25.46
7.9680,0.9817,-0.2219,-0.0667,1.855,-2.534,-1.550,25.60
7.9738,0.9805,-0.2222,-0.0674,2.366,-3.046,-1.458,25.74
7.9881,0.9827,-0.2236,-0.0649,1.824,-2.603,-1.168,25.60
7.9979,0.9854,-0.2244,-0.0664,2.191,-2.496,-1.313,25.74
8.0075,0.9805,-0.2288,-0.0632,2.351,-2.771,-0.985,25.74
8.0208,0.9824,-0.2280,-0.0667,1.832,-2.557,-1.107,25.22
8.0276,0.9822,-0.2290,-0.0688,1.557,-1.664,-1.046,25.46
8.0350,0.9819,-0.2285,-0.0652,1.351,-1.008,-0.954,25.79
8.0462,0.9839,-0.2236,-0.0649,1.992,-2.420,-1.557,26.03
8.0542,0.9814,-0.2234,-0.0591,1.206,-0.779,-0.885,25.27
8.0654,0.9824,-0.2229,-0.0627,2.023,-2.679,-1.550,25.74
8.0747,0.9834,-0.2253,-0.0674,2.244,-2.626,-1.130,25.84
8.0827,0.9849,-0.2227,-0.0625,2.443,-2.802,-0.870,25.60
8.0954,0.9810,-0.2261,-0.0686,2.076,-2.336,-1.015,25.60
8.1079,0.9836,-0.2275,-0.0635,2.069,-2.405,-1.168,25.84
8.1170,0.9836,-0.2217,-0.0718,2.282,-2.916,-1.527,25.94
8.1252,0.9822,-0.2246,-0.0723,4.137,-5.817,-1.786,25.60
8.1343,0.9822,-0.2261,-0.0635,2.191,-2.748,-1.160,25.94
8.1439,0.9792,-0.2263,-0.0593,2.267,-2.740,-1.496,25.41
8.1531,0.9836,-0.2273,-0.0620,2.405,-2.809,-1.275,25.74
8.1660,0.9790,-0.2280,-0.0608,2.237,-2.351,-1.198,25.46
8.1760,0.9829,-0.2236,-0.0662,2.115,-2.687,-1.328,25.46
8.1841,0.9849,-0.2271,-0.0718,1.885,-2.244,-1.336,25.79
8.1972,0.9824,-0.2234,-0.0662,2.168,-2.496,-1.176,25.60
8.2070,0.9814,-0.2290,-0.0654,2.298,-2.771,-1.244,25.94
8.2163,0.9817,-0.2283,-0.0627,2.061,-2.344,-1.412,25.74
8.2286,0.9805,-0.2253,-0.0618,2.008,-1.664,-1.176,25.94
8.2377,0.9844,-0.2292,-0.0684,2.153,-2.573,-1.260,25.94
8.2483,0.9863,-0.2278,-0.0691,1.962,-2.885,-1.435,25.74
8.2528,0.9810,-0.2266,-0.0586,2.115,-2.420,-1.221,25.65
8.2651,0.9819,-0.2224,-0.0610,2.260,-2.336,-1.412,25.46
8.2750,0.9836,-0.2290,-0.0647,2.290,-2.832,-1.443,25.79
8.2835,0.9822,-0.2258,-0.0652,2.153,-2.481,-1.573,25.84
8.2934,0.9822,-0.2253,-0.0620,2.260,-2.740,-1.366,25.74
8.3031,0.9832,-0.2229,-0.0635,2.183,-3.061,-1.588,25.94
8.3182,0.9834,-0.2224,-0.0618,2.099,-2.397,-1.336,25.79
8.3290,0.9807,-0.2231,-0.0610,2.405,-2.885,-1.298,26.03
8.3361,0.9800,-0.2234,-0.0615,4.321,-6.511,-1.458,25.84
8.3464,0.9829,-0.2239,-0.0681,1.863,-2.412,-1.260,25.94
8.3529,0.9800,-0.2280,-0.0613,2.069,-2.565,-1.099,25.41
8.3657,0.9807,-0.2280,-0.0696,2.176,-2.550,-1.435,25.84
8.3755,0.9824,-0.2241,-0.0649,2.321,-2.832,-1.221,25.74
8.3837,0.9827,-0.2288,-0.0623,2.053,-2.260,-1.275,25.98
8.3963,0.9810,-0.2271,-0.0657,2.374,-3.176,-1.252,25.74
8.4049,0.9824,-0.2231,-0.0688,2.191,-2.794,-1.397,25.79
8.4126,0.9797,-0.2283,-0.0676,2.359,-2.885,-1.374,25.79
8.4226,0.9822,-0.2288,-0.0671,2.107,-2.794,-1.298,25.79
8.4379,0.9871,-0.2246,-0.0645,2.076,-2.595,-1.435,25.60
8.4429,0.9856,-0.2241,-0.0669,0.450,0.420,-1.168,26.03
8.4579,0.9832,-0.2246,-0.0588,1.863,-2.550,-1.305,25.84
8.4651,0.9771,-0.2273,-0.0630,2.359,-3.191,-1.183,25.74
8.4818,0.9832,-0.2258,-0.0627,2.099,-2.382,-1.275,25.27
8.4874,0.9822,-0.2217,-0.0688,2.023,-2.626,-1.321,25.27
8.4978,0.9817,-0.2222,-0.0657,1.809,-1.969,-1.099,25.50
8.5080,0.9819,-0.2253,-0.0623,1.473,-1.122,-0.977,25.65
8.5178,0.9844,-0.2236,-0.0708,2.145,-2.328,-1.206,25.79
8.5227,0.9817,-0.2231,-0.0696,1.885,-1.573,-1.038,25.94
8.5369,0.9834,-0.2263,-0.0703,2.053,-2.550,-1.344,25.60
8.5479,0.9807,-0.2256,-0.0703,2.275,-2.412,-1.389,25.98
8.5579,0.9834,-0.2244,-0.0635,2.130,-2.496,-1.214,25.98
8.5646,0.9839,-0.2273,-0.0618,2.229,-2.725,-1.534,25.84
8.5745,0.9841,-0.2253,-0.0601,2.374,-3.008,-1.298,25.94
8.5846,0.9824,-0.2244,-0.0596,2.290,-2.916,-1.076,25.74
8.5963,0.9817,-0.2261,-0.0620,2.053,-2.298,-1.267,25.94
8.6045,0.9861,-0.2249,-0.0608,2.405,-2.855,-1.160,25.46
8.6135,0.9771,-0.2273,-0.0598,2.313,-2.878,-1.237,25.79
8.6304,0.9878,-0.2251,-0.0676,2.061,-2.527,-1.244,25.79
8.6347,0.9851,-0.2297,-0.0674,2.336,-2.603,-1.450,25.74
8.6452,0.9817,-0.2231,-0.0669,2.198,-2.641,-1.290,25.84
8.6554,0.9832,-0.2246,-0.0664,2.099,-2.473,-1.305,25.65
8.6658,0.9841,-0.2249,-0.0623,2.214,-2.893,-1.313,25.79
8.6751,0.9832,-0.2261,-0.0640,2.282,-3.038,-1.069,26.13
8.6841,0.9863,-0.2275,-0.0596,2.252,-2.939,-1.573,25.74
8.6946,0.9807,-0.2224,-0.0652,2.206,-3.168,-1.153,25.60
8.7048,0.9836,-0.2258,-0.0615,2.344,-2.939,-1.214,25.84
8.7173,0.9854,-0.2258,-0.0698,2.267,-2.290,-1.023,25.94
8.7229,0.9873,-0.2234,-0.0669,4.656,-6.481,-1.672,25.84
8.7382,0.9824,-0.2295,-0.0618,2.084,-2.359,-1.420,25.79
8.7449,0.9812,-0.2273,-0.0544,2.145,-2.748,-1.344,25.60
8.7581,0.9827,-0.2273,-0.0710,1.641,-1.893,-1.450,25.94
8.7648,0.9849,-0.2229,-0.0696,2.015,-2.481,-1.389,25.94
8.7750,0.9829,-0.2249,-0.0691,2.344,-2.626,-1.351,25.94
8.7870,0.9832,-0.2288,-0.0615,1.992,-2.382,-1.000,25.94
8.7962,0.9812,-0.2278,-0.0674,1.267,-1.084,-1.015,25.60
8.8058,0.9817,-0.2251,-0.0637,1.962,-2.481,-1.511,25.46
8.8151,0.9834,-0.2209,-0.0669,2.061,-2.511,-1.489,25.79
8.8231,0.9868,-0.2256,-0.0662,1.275,-0.962,-1.374,25.60
8.8346,0.9829,-0.2249,-0.0642,2.099,-2.924,-1.336,25.84
8.8450,0.9844,-0.2244,-0.0681,2.336,-2.527,-1.489,25.84
8.8526,0.9829,-0.2214,-0.0610,1.130,-0.611,-1.176,25.65
8.8671,0.9829,-0.2278,-0.0691,1.878,-2.130,-1.191,25.98
8.8742,0.9841,-0.2261,-0.0671,1.954,-1.855,-1.344,25.65
8.8828,0.9849,-0.2253,-0.0605,2.275,-2.511,-1.412,25.84
8.8985,0.9851,-0.2266,-0.0674,1.939,-2.237,-1.229,25.84
8.9056,0.9854,-0.2253,-0.0642,2.206,-2.298,-1.321,25.74
8.9126,0.9854,-0.2266,-0.0623,1.008,-0.267,-1.168,25.94
8.9273,0.9846,-0.2268,-0.0649,1.992,-2.305,-1.076,25.84
8.9342,0.9810,-0.2263,-0.0659,2.473,-2.939,-1.550,25.65
8.9462,0.9812,-0.2231,-0.0662,2.252,-3.076,-1.389,25.79
8.9594,0.9841,-0.2246,-0.0623,1.962,-2.176,-1.115,25.94
8.9634,0.9854,-0.2244,-0.0703,2.130,-2.252,-1.527,25.74
8.9732,0.9817,-0.2261,-0.0662,2.511,-3.176,-1.336,25.94
8.9860,0.9822,-0.2263,-0.0615,2.061,-2.321,-1.160,25.98
9.0022,0.9792,-0.2246,-0.0647,2.061,-2.267,-1.267,25.94
9.0054,0.9832,-0.2227,-0.0610,6.000,-9.221,-2.244,25.79
9.0167,0.9822,-0.2285,-0.0706,2.130,-2.489,-1.443,25.27
9.0299,0.9839,-0.2256,-0.0693,2.198,-2.603,-1.618,25.60
9.0336,0.9810,-0.2263,-0.0647,1.641,-0.817,-1.015,25.98
9.0492,0.9829,-0.2292,-0.0571,2.275,-2.626,-1.260,25.65
9.0547,0.9839,-0.2263,-0.0642,5.137,-7.573,-1.962,25.98
9.0680,0.9836,-0.2246,-0.0640,2.130,-2.321,-1.282,25.50
9.0750,0.9844,-0.2195,-0.0657,1.992,-2.397,-1.389,25.79
9.0843,0.9832,-0.2209,-0.0667,2.076,-3.038,-1.137,25.50
9.0963,0.9851,-0.2285,-0.0627,2.244,-2.847,-1.183,25.60
9.1100,0.9827,-0.2266,-0.0686,2.252,-2.504,-1.137,25.65
9.1123,0.9841,-0.2222,-0.0540,-2.748,7.466,-0.840,25.84
9.1281,0.9858,-0.2263,-0.0686,2.130,-2.405,-1.389,25.74
9.1347,0.9810,-0.2275,-0.0640,1.237,-0.939,-0.893,25.41
9.1451,0.9805,-0.2278,-0.0662,2.198,-2.710,-1.504,25.46
9.1528,0.9832,-0.2244,-0.0657,1.405,-1.359,-1.290,26.03
9.1687,0.9790,-0.2241,-0.0664,2.099,-2.580,-1.092,25.98
9.1746,0.9819,-0.2314,-0.0615,2.031,-2.244,-1.206,25.65
9.1826,0.9822,-0.2253,-0.0669,2.099,-1.954,-1.046,25.84
9.1956,0.9839,-0.2263,-0.0649,2.168,-2.649,-1.061,25.98
9.2053,0.9836,-0.2268,-0.0667,2.275,-2.573,-1.328,25.84
9.2129,0.9810,-0.2278,-0.0659,2.115,-2.443,-1.366,25.79
9.2237,0.9834,-0.2268,-0.0657,2.160,-2.771,-1.176,25.74
9.2378,0.9861,-0.2217,-0.0696,2.321,-2.313,-1.496,25.79
9.2488,0.9824,-0.2244,-0.0625,2.160,-2.840,-1.267,25.84
9.2547,0.9834,-0.2224,-0.0659,2.420,-2.802,-1.443,25.65
9.2680,0.9839,-0.2234,-0.0664,2.099,-2.656,-0.924,26.13
9.2751,0.9851,-0.2239,-0.0610,2.191,-2.382,-1.023,25.79
9.2826,0.9844,-0.2263,-0.0706,1.275,-1.115,-1.145,25.79
9.2940,0.9822,-0.2241,-0.0745,2.244,-2.763,-1.076,25.41
9.3044,0.9822,-0.2229,-0.0684,2.214,-2.763,-1.443,25.94
9.3177,0.9854,-0.2241,-0.0669,2.076,-2.527,-1.260,25.84
9.3249,0.9846,-0.2271,-0.0591,2.168,-2.473,-1.290,25.84
9.3352,0.9814,-0.2261,-0.0637,2.198,-3.076,-1.466,25.31
9.3451,0.9873,-0.2285,-0.0671,2.084,-2.786,-1.252,25.74
9.3544,0.9832,-0.2263,-0.0610,2.229,-2.878,-1.008,25.84
9.3658,0.9814,-0.2244,-0.0615,2.130,-2.634,-1.412,25.94
9.3756,0.9866,-0.2249,-0.0613,2.267,-2.725,-1.191,25.79
9.3848,0.9810,-0.2231,-0.0627,2.374,-3.191,-1.573,25.74
9.3931,0.9790,-0.2227,-0.0667,2.061,-2.351,-1.176,25.94
9.4061,0.9839,-0.2251,-0.0635,2.023,-2.450,-1.176,25.98
9.4149,0.9841,-0.2268,-0.0632,2.176,-2.618,-1.160,25.50
9.4265,0.9834,-0.2266,-0.0671,1.336,-0.267,-1.023,25.46
9.4332,0.9841,-0.2271,-0.0691,2.275,-2.962,-1.282,25.79
9.4462,0.9849,-0.2227,-0.0669,2.107,-2.649,-1.221,25.94
9.4529,0.9854,-0.2258,-0.0669,1.618,-0.863,-1.328,25.98
9.4660,0.9797,-0.2212,-0.0630,1.931,-2.221,-1.382,25.79
9.4861,0.9836,-0.2251,-0.0637,2.107,-2.435,-1.328,25.50
9.4919,0.9900,-0.2222,-0.0649,-1.756,6.229,-0.137,25.79
9.4961,0.9841,-0.2239,-0.0610,2.649,-3.153,-1.168,26.03
9.5059,0.9829,-0.2241,-0.0684,2.290,-3.122,-1.443,25.79
9.5146,0.9827,-0.2227,-0.0630,2.122,-2.511,-1.145,25.98
9.5267,0.9790,-0.2249,-0.0706,2.092,-2.550,-1.305,25.98
9.5338,0.9797,-0.2280,-0.0688,2.313,-2.656,-1.427,25.84
9.5498,0.9839,-0.2256,-0.0627,2.427,-2.496,-1.282,25.98
9.5541,0.9856,-0.2258,-0.0637,5.618,-9.366,-1.924,25.79
9.5651,0.9873,-0.2249,-0.0691,2.344,-2.534,-1.290,26.03
9.5743,0.9819,-0.2222,-0.0635,2.382,-2.275,-0.954,25.84
9.5829,0.9822,-0.2275,-0.0669,2.084,-2.473,-1.305,25.60
9.5948,0.9849,-0.2261,-0.0667,2.336,-3.290,-1.405,25.60
9.6081,0.9807,-0.2234,-0.0618,2.038,-2.511,-1.191,25.41
9.6132,0.9780,-0.2266,-0.0649,6.168,-10.519,-2.298,25.98
9.6318,0.9836,-0.2246,-0.0627,2.168,-2.137,-1.458,25.50
9.6343,0.9866,-0.2227,-0.0603,5.679,-9.817,-1.885,25.98
9.6487,0.9834,-0.2239,-0.0601,2.321,-2.802,-1.656,25.94
9.6586,0.9841,-0.2244,-0.0671,2.267,-2.939,-1.260,26.13
9.6652,0.9839,-0.2244,-0.0681,2.183,-2.718,-1.435,25.94
9.6753,0.9807,-0.2217,-0.0603,2.366,-2.710,-1.351,25.98
9.6828,0.9827,-0.2212,-0.0671,1.641,-1.008,-1.145,25.41
9.6968,0.9841,-0.2258,-0.0671,2.130,-2.817,-1.282,26.18
9.7070,0.9797,-0.2234,-0.0601,2.176,-2.794,-1.382,25.84
9.7148,0.9841,-0.2217,-0.0684,1.985,-2.603,-1.313,25.84
9.7249,0.9827,-0.2241,-0.0615,2.344,-2.863,-1.435,25.65
9.7355,0.9849,-0.2231,-0.0676,2.374,-2.863,-1.191,26.27
9.7521,0.9849,-0.2219,-0.0696,2.191,-2.466,-1.031,25.50
9.7590,0.9829,-0.2236,-0.0640,1.710,-1.763,-1.046,25.98
9.7666,0.9836,-0.2253,-0.0657,1.298,-0.840,-0.870,25.41
9.7780,0.9854,-0.2258,-0.0603,2.008,-2.366,-1.351,25.60
9.7871,0.9810,-0.2231,-0.0613,0.672,-0.130,-1.221,25.46
9.7977,0.9861,-0.2256,-0.0667,2.206,-2.611,-1.221,25.79
9.8053,0.9839,-0.2227,-0.0625,1.359,-1.053,-0.878,26.03
9.8169,0.9824,-0.2256,-0.0642,2.298,-2.550,-1.237,25.79
9.8234,0.9819,-0.2275,-0.0642,3.267,-4.092,-1.855,25.79
9.8350,0.9836,-0.2295,-0.0659,2.420,-3.344,-1.275,25.94
9.8437,0.9792,-0.2266,-0.0757,2.176,-2.939,-1.107,25.46
9.8530,0.9836,-0.2261,-0.0684,2.008,-2.534,-1.542,25.84
9.8680,0.9866,-0.2261,-0.0676,1.893,-2.458,-1.351,26.18
9.8750,0.9792,-0.2271,-0.0603,2.076,-2.382,-1.366,25.41
9.8828,0.9829,-0.2207,-0.0598,1.664,-1.725,-1.687,25.84
9.8962,0.9807,-0.2253,-0.0632,2.321,-2.664,-0.427,25.79
9.9060,0.9810,-0.2339,-0.0635,2.168,-2.641,-0.573,25.74
9.9152,0.9851,-0.2292,-0.0596,2.328,-2.771,-1.702,25.79
9.9232,0.9834,-0.2275,-0.0659,0.534,0.672,-0.969,25.84
9.9331,0.9763,-0.2288,-0.0686,2.305,-2.725,-1.450,25.79
9.9455,0.9871,-0.2197,-0.0630,2.221,-2.618,-1.885,25.84
9.9600,0.9836,-0.2192,-0.0642,0.618,0.183,-0.687,25.84
9.9677,0.9856,-0.2205,-0.0574,2.198,-3.053,-0.885,25.94
9.9820,0.9832,-0.2271,-0.0654,2.107,-2.710,-0.832,25.79
9.9864,0.9832,-0.2280,-0.0623,2.145,-2.641,-0.817,25.98
10.0003,0.9839,-0.2280,-0.0579,2.168,-2.763,-0.908,25.84
10.0035,0.9856,-0.2249,-0.0693,6.435,-11.458,-2.298,25.65
10.0172,0.9814,-0.2263,-0.0667,2.015,-2.855,-1.893,25.74
10.0276,0.9858,-0.2239,-0.0681,2.069,-2.519,-2.046,25.27
10.0335,0.9863,-0.2183,-0.0696,2.229,-2.573,-1.015,25.94
10.0481,0.9792,-0.2292,-0.0593,2.550,-3.290,-1.053,25.84
10.0536,0.9822,-0.2297,-0.0808,0.626,-0.588,-1.695,25.98
10.0677,1.0098,-0.1895,-0.0239,-3.061,5.206,0.649,25.60
10.0793,0.9683,-0.2319,-0.0503,0.290,-13.069,-15.168,25.46
10.0846,1.0344,-0.2051,-0.1899,2.679,0.840,5.695,25.79
10.0962,0.9575,-0.2363,-0.0835,3.832,-1.641,0.282,25.65
10.1061,0.9973,-0.2188,-0.0742,1.649,-5.244,-3.397,25.79
10.1132,0.9954,-0.2200,-0.0608,1.947,-0.023,7.504,25.65
10.1231,0.9504,-0.2424,-0.0574,1.809,-3.137,-4.328,25.65
10.1376,1.0015,-0.2051,-0.0693,2.153,-2.557,-5.115,25.79
10.1453,0.9871,-0.2222,-0.0605,2.718,-3.481,3.863,25.79
10.1530,0.9648,-0.2341,-0.0615,0.840,-0.038,1.031,25.74
10.1657,0.9890,-0.2229,-0.0698,1.931,-1.824,-4.870,25.94
10.1772,0.9985,-0.2212,-0.0667,2.435,-2.893,2.153,25.84
10.1836,0.9739,-0.2375,-0.0691,1.748,-2.603,2.000,25.94
10.1955,0.9768,-0.2319,-0.0659,2.519,-4.107,-5.153,25.60
10.2121,0.9927,-0.2122,-0.0652,2.198,-2.313,0.389,25.31
10.2147,0.9812,-0.2231,-0.0630,0.779,0.351,0.908,25.65
10.2260,0.9839,-0.2219,-0.0698,2.160,-2.565,-2.160,25.60
10.2378,0.9856,-0.2249,-0.0627,2.206,-2.420,-0.374,25.65
10.2445,0.9783,-0.2288,-0.0664,2.221,-2.687,-0.366,25.98
10.2546,0.9792,-0.2317,-0.0735,2.305,-3.137,-1.962,25.98
10.2659,0.9849,-0.2256,-0.0671,2.130,-2.656,-2.412,25.94
10.2739,0.9868,-0.2214,-0.0632,0.931,-0.313,-1.649,26.03
10.2849,0.9849,-0.2173,-0.0623,1.992,-2.313,-0.496,25.84
10.3005,0.9861,-0.2246,-0.0698,2.069,-2.359,-0.824,26.18
10.3034,0.9836,-0.2197,-0.0605,6.397,-11.229,-1.771,25.46
10.3136,0.9810,-0.2266,-0.0725,2.176,-2.534,-0.924,25.74
10.3312,0.9827,-0.2280,-0.0659,2.183,-2.435,-1.710,25.94
10.3337,0.9849,-0.2258,-0.0708,2.328,-3.145,-1.504,25.79
10.3445,0.9849,-0.2258,-0.0679,2.115,-2.763,-0.580,25.60
10.3615,0.9841,-0.2227,-0.0637,2.084,-2.580,-1.473,25.94
10.3646,0.9890,-0.2158,-0.0625,3.000,-5.176,-1.511,25.79
10.3732,0.9841,-0.2229,-0.0637,2.573,-3.786,-1.702,25.84
10.3923,0.9783,-0.2246,-0.0640,2.168,-2.511,-0.603,26.13
10.4003,0.9856,-0.2205,-0.0593,-0.893,2.435,-0.168,25.94
10.4026,0.9812,-0.2246,-0.0657,1.832,-1.435,-1.023,25.84
10.4150,0.9854,-0.2263,-0.0659,1.969,-2.672,-1.176,25.84
10.4279,0.9800,-0.2253,-0.0588,2.107,-2.954,-1.595,25.65
10.4346,0.9900,-0.2207,-0.0632,2.168,-2.763,-0.863,25.98
10.4441,0.9839,-0.2241,-0.0642,2.282,-2.656,-1.282,25.65
10.4534,0.9873,-0.2214,-0.0676,2.290,-3.061,-1.763,25.65
10.4690,0.9827,-0.2261,-0.0684,2.176,-2.290,-0.733,25.79
10.4758,0.9768,-0.2256,-0.0657,1.687,-2.153,-2.084,25.50
10.4884,0.9854,-0.2214,-0.0640,2.137,-2.542,-1.053,25.79
10.4980,0.9824,-0.2263,-0.0708,2.443,-2.832,-1.137,25.79
10.5053,0.9812,-0.2256,-0.0642,1.641,-2.137,-2.344,25.27
10.5179,0.9878,-0.2188,-0.0649,2.115,-2.473,-0.420,25.74
10.5266,0.9812,-0.2249,-0.0696,1.160,-0.519,0.427,25.79
10.5378,0.9827,-0.2249,-0.0698,2.137,-2.641,-2.069,25.65
10.5446,0.9807,-0.2219,-0.0569,2.634,-3.420,-1.618,25.84
10.5538,0.9819,-0.2268,-0.0701,1.809,-1.962,-1.069,25.65
10.5683,0.9897,-0.2266,-0.0674,1.901,-2.588,-3.656,25.60
10.5776,0.9944,-0.2197,-0.0698,1.962,-2.359,0.672,25.65
10.5826,0.9802,-0.2268,-0.0652,0.740,0.412,2.229,26.18
10.5975,0.9861,-0.2258,-0.0623,1.893,-2.740,-3.191,25.50
10.6050,0.9868,-0.2219,-0.0608,1.008,-0.634,-1.931,25.84
10.6169,0.9775,-0.2217,-0.0649,2.405,-2.931,-1.076,25.79
10.6294,0.9751,-0.2261,-0.0698,1.031,-0.344,-2.435,25.60
10.6395,0.9885,-0.2202,-0.0640,2.214,-2.443,-0.221,25.98
10.6452,0.9844,-0.2222,-0.0688,3.931,-5.809,-0.260,26.03
10.6570,0.9775,-0.2290,-0.0579,1.901,-2.275,-1.267,25.84
10.6660,0.9854,-0.2280,-0.0715,1.641,-1.840,-2.389,25.84
10.6784,0.9841,-0.2249,-0.0662,2.290,-2.756,-0.878,25.94
10.6877,0.9766,-0.2275,-0.0647,2.305,-3.084,-2.336,25.94
10.6983,0.9846,-0.2205,-0.0601,2.427,-2.794,-3.229,25.79
10.7049,0.9858,-0.2205,-0.0706,2.649,-3.802,-1.611,25.94
10.7165,0.9756,-0.2246,-0.0654,2.046,-2.061,-3.290,25.84
10.7292,0.9910,-0.2170,-0.0713,2.191,-2.176,-2.649,25.98
10.7382,0.9846,-0.2231,-0.0679,1.397,-0.282,0.557,25.60
10.7445,0.9778,-0.2275,-0.0688,2.237,-3.038,-1.023,26.13
10.7530,0.9844,-0.2202,-0.0637,2.168,-2.664,-2.015,25.79
10.7647,0.9856,-0.2234,-0.0654,2.145,-2.679,-0.076,25.50
10.7742,0.9810,-0.2263,-0.0669,2.267,-2.786,-0.908,25.65
10.7839,0.9900,-0.2209,-0.0664,1.931,-2.344,-1.901,25.79
10.7949,0.9883,-0.2217,-0.0654,2.267,-2.779,-0.908,25.50
10.8049,0.9844,-0.2285,-0.0623,2.130,-2.626,-0.710,25.22
10.8135,0.9800,-0.2244,-0.0642,2.076,-2.939,-1.374,25.50
10.8228,0.9875,-0.2241,-0.0640,2.084,-2.374,-1.260,25.41
10.8355,0.9812,-0.2222,-0.0688,2.183,-2.656,-1.061,25.79
10.8477,0.9822,-0.2256,-0.0669,2.099,-2.489,-1.397,25.79
10.8578,0.9829,-0.2236,-0.0623,1.221,-1.420,-0.740,25.84
10.8643,0.9844,-0.2246,-0.0664,2.191,-2.565,-1.191,25.22
10.8776,0.9846,-0.2246,-0.0698,2.298,-2.924,-1.206,25.74
10.8843,0.9841,-0.2236,-0.0625,2.321,-2.527,-1.092,25.74
10.8958,0.9839,-0.2234,-0.0691,2.237,-3.000,-1.321,25.79
10.9099,0.9854,-0.2246,-0.0671,2.076,-2.687,-1.275,25.84
10.9123,0.9897,-0.2185,-0.0654,3.427,-5.702,-1.641,25.79
10.9266,0.9810,-0.2236,-0.0662,2.115,-2.458,-1.061,25.65
10.9382,0.9866,-0.2263,-0.0615,2.038,-2.336,-1.603,25.31
10.9442,0.9827,-0.2209,-0.0647,1.977,-2.313,-1.298,25.84
10.9533,0.9822,-0.2246,-0.0693,2.031,-2.611,-1.435,25.84
10.9691,0.9810,-0.2261,-0.0586,2.160,-2.580,-1.550,26.03
10.9725,0.9795,-0.2261,-0.0652,2.992,-4.779,-1.855,25.84
10.9883,0.9844,-0.2258,-0.0654,2.137,-2.924,-1.412,25.74
10.9970,0.9812,-0.2246,-0.0623,2.458,-3.061,-1.939,25.60
11.0057,0.9797,-0.2229,-0.0676,2.718,-3.634,-1.763,25.94
11.0199,0.9827,-0.2236,-0.0645,2.176,-2.115,-1.191,26.03
11.0272,0.9817,-0.2224,-0.0713,1.794,-1.992,-1.550,25.94
11.0387,0.9858,-0.2197,-0.0640,2.321,-2.847,-1.405,25.94
11.0459,0.9839,-0.2205,-0.0596,2.008,-1.733,-1.137,25.60
11.0542,0.9824,-0.2222,-0.0684,2.183,-2.466,-1.237,25.27
11.0659,0.9812,-0.2253,-0.0667,2.229,-2.962,-1.076,25.84
11.0745,0.9814,-0.2256,-0.0691,2.038,-2.840,-0.985,25.60
11.0839,0.9866,-0.2273,-0.0645,2.450,-2.626,-1.069,25.60
11.0957,0.9824,-0.2217,-0.0667,2.313,-2.863,-1.397,25.60
11.1092,0.9836,-0.2241,-0.0723,2.153,-2.214,-1.046,25.98
11.1128,0.9905,-0.2170,-0.0588,3.901,-7.137,-2.076,25.50
11.1230,0.9851,-0.2192,-0.0718,2.160,-2.557,-1.359,25.50
11.1354,0.9854,-0.2244,-0.0608,2.061,-2.282,-1.206,25.74
11.1472,0.9839,-0.2253,-0.0703,2.046,-2.168,-1.290,25.65
11.1527,0.9822,-0.2224,-0.0723,1.481,-1.099,-0.985,25.12
11.1664,0.9844,-0.2229,-0.0637,2.160,-2.679,-1.221,26.03
11.1735,0.9851,-0.2222,-0.0679,1.901,-2.511,-1.458,25.94
11.1891,0.9829,-0.2222,-0.0710,2.023,-2.565,-1.313,25.79
11.1953,0.9800,-0.2256,-0.0652,2.427,-3.008,-1.221,25.65
11.2055,0.9824,-0.2227,-0.0596,2.305,-3.076,-1.252,25.94
11.2125,0.9817,-0.2241,-0.0654,0.924,-0.313,-1.122,25.74
11.2257,0.9819,-0.2205,-0.0667,1.908,-2.084,-1.282,25.84
11.2349,0.9829,-0.2241,-0.0625,1.252,-0.656,-1.153,25.84
11.2475,0.9844,-0.2249,-0.0649,2.160,-2.244,-1.511,25.65
11.2570,0.9851,-0.2251,-0.0632,5.725,-9.443,-2.023,25.94
11.2669,0.9773,-0.2229,-0.0652,2.015,-2.458,-1.267,25.84
11.2750,0.9832,-0.2236,-0.0681,2.244,-2.466,-1.557,25.94
11.2826,0.9824,-0.2219,-0.0691,1.832,-1.794,-1.473,26.03
11.2935,0.9851,-0.2263,-0.0708,2.183,-2.641,-1.412,25.84
11.3035,0.9856,-0.2249,-0.0681,2.359,-2.702,-1.450,25.74
11.3195,0.9836,-0.2227,-0.0667,2.244,-2.466,-1.153,25.65
11.3278,0.9878,-0.2188,-0.0627,4.061,-7.733,-1.924,26.03
11.3338,0.9851,-0.2261,-0.0642,2.389,-2.748,-1.153,25.79
11.3506,0.9834,-0.2224,-0.0654,2.206,-2.160,-1.107,25.84
11.3552,0.9829,-0.2212,-0.0645,2.336,-2.817,-1.298,25.84
11.3654,0.9861,-0.2241,-0.0725,1.977,-2.405,-1.183,25.79
11.3841,0.9834,-0.2236,-0.0659,1.939,-2.443,-1.069,25.84
11.3876,0.9814,-0.2168,-0.0645,1.695,-4.290,-1.534,25.94
11.3939,0.9841,-0.2195,-0.0696,1.710,-1.748,-1.092,25.84
11.4041,0.9834,-0.2271,-0.0588,2.305,-3.061,-1.336,25.84
11.4164,0.9832,-0.2241,-0.0610,2.267,-2.389,-1.397,25.84
11.4255,0.9834,-0.2246,-0.0713,1.595,-1.626,-1.366,25.84
11.4377,0.9893,-0.2205,-0.0659,2.298,-2.618,-1.267,25.65
11.4459,0.9839,-0.2239,-0.0691,2.214,-2.855,-1.275,25.50
11.4537,0.9832,-0.2239,-0.0659,0.947,-0.992,-1.191,25.98
11.4678,0.9775,-0.2251,-0.0635,2.008,-2.435,-1.282,25.65
11.4762,0.9841,-0.2207,-0.0662,2.176,-2.450,-1.321,25.94
11.4882,0.9851,-0.2207,-0.0674,2.206,-2.511,-1.473,25.79
11.4992,0.9846,-0.2207,-0.0681,2.305,-2.901,-1.252,26.18
11.5048,0.9854,-0.2236,-0.0674,0.901,-0.740,-1.015,25.84
11.5183,0.9844,-0.2256,-0.0701,2.107,-2.313,-1.115,25.79
11.5272,0.9827,-0.2229,-0.0676,6.832,-12.931,-2.214,25.60
11.5341,0.9827,-0.2268,-0.0681,2.221,-2.565,-1.160,25.84
11.5481,0.9829,-0.2244,-0.0681,1.992,-2.527,-1.290,25.79
11.5543,0.9834,-0.2212,-0.0627,2.290,-2.771,-1.351,25.79
11.5681,0.9834,-0.2227,-0.0701,2.038,-2.611,-1.481,25.22
11.5798,0.9863,-0.2239,-0.0667,2.099,-2.435,-1.267,25.84
11.5845,0.9846,-0.2185,-0.0662,2.198,-3.298,-1.267,26.03
11.5951,0.9817,-0.2217,-0.0610,1.237,-1.191,-1.351,25.50
11.6123,0.9829,-0.2188,-0.0637,2.168,-2.534,-1.298,25.74
11.6146,0.9829,-0.2205,-0.0642,-3.321,8.275,0.115,25.79
11.6267,0.9827,-0.2251,-0.0664,1.847,-1.748,-1.443,25.98
11.6350,0.9810,-0.2236,-0.0588,1.267,-1.840,-1.275,25.79
11.6463,0.9824,-0.2224,-0.0583,2.107,-3.176,-1.176,25.50
11.6551,0.9800,-0.2239,-0.0696,2.328,-3.160,-1.328,25.79
11.6642,0.9834,-0.2244,-0.0718,2.107,-1.939,-1.519,25.50
11.6739,0.9839,-0.2229,-0.0640,2.275,-2.908,-1.336,25.46
11.6844,0.9824,-0.2227,-0.0630,2.160,-2.565,-1.511,25.79
11.6955,0.9851,-0.2229,-0.0654,2.252,-2.840,-1.221,25.60
11.7052,0.9873,-0.2217,-0.0696,2.397,-2.817,-1.069,25.79
11.7138,0.9819,-0.2212,-0.0652,1.969,-2.656,-1.176,25.46
11.7226,0.9856,-0.2234,-0.0615,1.885,-2.282,-1.061,25.60
11.7339,0.9841,-0.2234,-0.0676,2.198,-2.282,-1.374,25.46
11.7474,0.9814,-0.2246,-0.0688,2.046,-2.321,-1.344,25.79
11.7572,0.9817,-0.2236,-0.0706,2.061,-1.916,-0.954,25.79
11.7674,0.9802,-0.2256,-0.0647,1.863,-2.366,-1.084,25.79
11.7779,0.9819,-0.2246,-0.0632,1.634,-1.626,-1.046,25.98
11.7857,0.9797,-0.2197,-0.0691,2.221,-2.580,-1.382,25.94
11.7990,0.9834,-0.2246,-0.0610,2.031,-2.435,-1.916,25.74
11.8051,0.9839,-0.2229,-0.0684,6.015,-9.473,-2.252,25.50
11.8218,0.9841,-0.2195,-0.0713,2.137,-2.519,-1.603,25.84
11.8269,0.9832,-0.2190,-0.0676,1.023,-0.305,-1.328,25.94
11.8364,0.9819,-0.2224,-0.0662,1.809,-1.916,-1.153,25.84
11.8502,0.9844,-0.2239,-0.0603,2.038,-2.702,-1.641,25.27
11.8525,0.9812,-0.2166,-0.0557,-3.595,8.046,-0.305,25.98
11.8684,0.9822,-0.2241,-0.0718,2.244,-2.466,-1.427,25.98
11.8819,0.9827,-0.2195,-0.0618,2.191,-2.412,-1.344,25.98
11.8884,0.9873,-0.2188,-0.0630,-3.481,9.046,-0.305,26.18
11.8959,0.9822,-0.2222,-0.0659,2.023,-2.443,-1.160,26.13
11.9065,0.9854,-0.2251,-0.0710,2.267,-2.817,-1.145,25.65
11.9178,0.9805,-0.2244,-0.0635,2.145,-2.908,-1.260,25.84
11.9280,0.9856,-0.2234,-0.0662,2.191,-2.916,-1.359,25.98
11.9385,0.9829,-0.2197,-0.0669,0.924,-0.824,-1.244,25.41
11.9492,0.9812,-0.2229,-0.0654,2.191,-2.168,-1.527,25.84
11.9525,0.9885,-0.2173,-0.0627,2.351,-5.198,-1.305,26.18
11.9675,0.9834,-0.2236,-0.0679,2.328,-2.450,-1.344,25.46
11.9817,0.9795,-0.2190,-0.0679,1.427,-0.557,-1.374,25.94
11.9850,0.9849,-0.2205,-0.0637,2.275,-2.725,-1.656,26.03
11.9956,0.9822,-0.2231,-0.0693,2.221,-2.481,-1.137,25.84
12.0074,0.9814,-0.2234,-0.0662,2.344,-2.382,-1.397,25.79
12.0202,0.9841,-0.2170,-0.0671,2.221,-2.565,-1.405,25.94
12.0256,0.9817,-0.2209,-0.0686,5.015,-6.695,-2.183,25.50
12.0348,0.9797,-0.2202,-0.0659,1.969,-2.435,-1.321,25.46
12.0446,0.9858,-0.2222,-0.0667,2.046,-2.679,-1.397,25.27
12.0531,0.9856,-0.2241,-0.0632,2.008,-1.924,-1.214,25.98
12.0678,0.9807,-0.2246,-0.0586,2.206,-2.344,-1.290,26.03
12.0787,0.9878,-0.2266,-0.0659,1.878,-2.641,-1.275,26.13
12.0835,0.9871,-0.2217,-0.0728,2.160,-2.389,-1.328,25.65
12.0967,0.9829,-0.2251,-0.0583,2.084,-2.588,-1.214,25.98
12.1067,0.9863,-0.2212,-0.0637,2.573,-2.756,-1.275,25.94
12.1126,0.9841,-0.2190,-0.0625,2.260,-2.763,-1.053,25.79
12.1279,0.9873,-0.2217,-0.0684,2.130,-2.649,-1.153,25.94
12.1366,0.9836,-0.2236,-0.0618,1.137,0.000,-1.015,26.18
12.1479,0.9873,-0.2219,-0.0654,2.389,-3.099,-1.481,25.27
12.1538,0.9836,-0.2200,-0.0652,2.321,-2.748,-1.519,26.13
12.1668,0.9841,-0.2234,-0.0574,2.099,-2.656,-1.099,25.60
12.1764,0.9827,-0.2256,-0.0627,2.321,-2.595,-1.557,25.60
12.1907,0.9814,-0.2229,-0.0615,2.000,-2.382,-1.290,25.98
12.1950,0.9836,-0.2207,-0.0632,1.473,-1.397,-1.122,25.60
12.2066,0.9797,-0.2209,-0.0684,2.130,-2.397,-1.214,26.13
12.2129,0.9832,-0.2239,-0.0669,2.321,-3.015,-1.511,25.84
12.2312,0.9829,-0.2236,-0.0681,2.153,-2.374,-1.626,25.84
12.2340,0.9814,-0.2224,-0.0645,3.519,-5.496,-1.634,26.27
12.2446,0.9836,-0.2234,-0.0645,2.153,-2.832,-1.160,25.94
12.2536,0.9812,-0.2214,-0.0669,2.031,-2.702,-1.557,25.84
12.2675,0.9771,-0.2217,-0.0674,2.092,-2.229,-1.397,25.46
12.2790,0.9846,-0.2214,-0.0691,1.954,-2.305,-1.527,25.98
12.2861,0.9836,-0.2241,-0.0593,2.023,-2.611,-1.397,25.27
12.2992,0.9802,-0.2231,-0.0718,1.954,-2.565,-1.092,25.74
12.3050,0.9846,-0.2192,-0.0674,4.664,-7.031,-1.649,25.74
12.3206,0.9844,-0.2236,-0.0676,2.336,-2.160,-1.183,25.84
12.3274,0.9800,-0.2217,-0.0596,-3.420,7.885,-0.366,25.46
12.3360,0.9861,-0.2236,-0.0598,1.969,-2.244,-1.328,25.84
12.3462,0.9832,-0.2188,-0.0664,2.252,-2.908,-1.267,26.03
12.3525,0.9832,-0.2209,-0.0688,2.382,-2.992,-1.466,25.94
12.3659,0.9841,-0.2224,-0.0715,1.969,-2.344,-1.061,25.84
12.3750,0.9873,-0.2241,-0.0657,2.214,-3.038,-1.450,25.79
12.3848,0.9836,-0.2209,-0.0635,2.130,-2.405,-1.252,25.12
12.3966,0.9858,-0.2241,-0.0652,2.183,-2.908,-1.466,25.98
12.4063,0.9817,-0.2217,-0.0591,2.244,-2.740,-1.305,25.94
12.4185,0.9849,-0.2236,-0.0674,2.252,-2.611,-1.252,25.50
12.4273,0.9817,-0.2244,-0.0652,2.214,-2.840,-1.397,25.60
12.4362,0.9875,-0.2251,-0.0610,2.344,-3.168,-1.084,26.13
12.4455,0.9805,-0.2236,-0.0601,2.412,-2.824,-1.008,25.79
12.4527,0.9836,-0.2241,-0.0730,1.069,-0.359,-1.252,25.46
12.4677,0.9795,-0.2209,-0.0654,2.298,-2.405,-1.153,25.46
12.4770,0.9858,-0.2217,-0.0635,2.206,-2.756,-1.198,26.13
12.4865,0.9827,-0.2261,-0.0681,2.099,-2.893,-1.214,25.65
12.4944,0.9854,-0.2241,-0.0620,1.214,-0.847,-1.107,25.84
12.5062,0.9854,-0.2217,-0.0669,2.069,-2.519,-1.321,25.74
12.5182,0.9841,-0.2222,-0.0652,2.023,-2.618,-1.305,25.74
12.5230,0.9844,-0.2209,-0.0642,6.328,-10.252,-1.954,26.13
12.5375,0.9861,-0.2253,-0.0642,1.954,-2.137,-1.405,25.74
12.5451,0.9839,-0.2222,-0.0647,2.191,-2.947,-1.412,25.74
12.5561,0.9824,-0.2231,-0.0610,2.160,-2.496,-1.092,25.84
12.5659,0.9805,-0.2241,-0.0623,1.061,-0.481,-1.031,25.94
12.5754,0.9824,-0.2258,-0.0742,2.092,-2.649,-1.260,25.94
12.5868,0.9827,-0.2209,-0.0654,2.176,-2.573,-1.359,25.22
12.5936,0.9829,-0.2229,-0.0591,1.435,-1.336,-1.153,25.98
12.6060,0.9827,-0.2209,-0.0667,2.084,-2.634,-1.130,25.79
12.6155,0.9832,-0.2188,-0.0630,2.198,-3.084,-1.191,25.65
12.6272,0.9827,-0.2224,-0.0657,1.962,-2.641,-1.237,25.98
12.6379,0.9875,-0.2197,-0.0732,1.931,-2.023,-1.076,25.79
12.6508,0.9839,-0.2227,-0.0688,2.298,-2.542,-1.214,25.74
12.6588,0.9836,-0.2190,-0.0662,2.282,-2.092,-1.519,26.18
12.6726,0.9849,-0.2249,-0.0608,2.275,-2.687,-1.092,25.79
12.6769,0.9844,-0.2239,-0.0710,7.481,-12.252,-2.282,25.94
12.6843,0.9839,-0.2209,-0.0691,2.305,-3.053,-1.282,25.94
12.6987,0.9875,-0.2214,-0.0696,1.977,-2.252,-1.275,26.13
12.7100,0.9827,-0.2256,-0.0581,2.229,-2.687,-1.046,25.74
12.7123,0.9819,-0.2205,-0.0640,4.786,-7.153,-1.618,25.65
12.7350,0.9834,-0.2214,-0.0715,2.176,-2.588,-1.504,25.84
12.7382,0.9888,-0.2192,-0.0542,0.534,-1.771,-1.069,25.79
12.7507,0.9861,-0.2183,-0.0625,2.069,-2.695,-1.435,26.18
12.7568,0.9836,-0.2224,-0.0591,-3.374,7.908,-0.061,25.60
12.7655,0.9832,-0.2231,-0.0637,2.092,-2.542,-1.389,25.74
12.7794,0.9844,-0.2224,-0.0635,1.588,-1.527,-1.198,25.46
12.7903,0.9802,-0.2227,-0.0669,2.107,-2.595,-1.198,26.03
12.7941,0.9822,-0.2209,-0.0640,2.321,-2.771,-1.321,25.74
12.8060,0.9822,-0.2222,-0.0725,2.168,-2.809,-1.099,25.46
12.8180,0.9829,-0.2217,-0.0625,1.802,-2.176,-1.336,25.98
12.8268,0.9814,-0.2180,-0.0632,1.183,-0.504,-1.069,25.84
12.8369,0.9836,-0.2188,-0.0635,2.038,-2.595,-1.450,25.65
12.8554,0.9841,-0.2207,-0.0657,2.160,-2.351,-1.489,25.74
12.8580,0.9861,-0.2217,-0.0603,3.550,-7.641,-1.382,25.74
12.8645,0.9856,-0.2229,-0.0693,3.901,-5.397,-1.557,25.46
12.8775,0.9844,-0.2244,-0.0684,2.031,-2.550,-1.008,25.94
12.8915,0.9814,-0.2249,-0.0728,2.267,-2.313,-1.260,25.74
12.8949,0.9863,-0.2217,-0.0698,1.916,-2.168,-1.122,25.46
12.9080,0.9817,-0.2268,-0.0613,2.450,-2.893,-1.412,25.74
12.9152,0.9827,-0.2192,-0.0623,2.244,-3.122,-1.473,25.98
12.9278,0.9817,-0.2249,-0.0708,2.244,-2.550,-1.435,25.65
12.9370,0.9836,-0.2256,-0.0632,2.076,-2.710,-1.023,25.65
12.9480,0.9841,-0.2227,-0.0691,2.206,-2.992,-1.069,25.41
12.9593,0.9851,-0.2200,-0.0669,2.389,-2.611,-1.275,25.94
12.9702,0.9866,-0.2212,-0.0632,1.954,-2.504,-1.244,25.84
12.9726,0.9871,-0.2227,-0.0625,-2.260,6.061,-0.137,25.50
12.9921,0.9827,-0.2263,-0.0642,2.176,-2.710,-1.137,26.03
12.9972,0.9895,-0.2183,-0.0652,1.336,-1.519,-1.351,25.65
13.0034,0.9802,-0.2222,-0.0659,2.275,-2.962,-1.099,25.94
13.0145,0.9836,-0.2275,-0.0635,2.405,-2.809,-1.672,25.50
13.0311,0.9851,-0.2190,-0.0735,1.924,-2.557,-1.160,25.27
13.0343,0.9819,-0.2197,-0.0667,4.947,-8.832,-1.763,25.65
13.0454,0.9849,-0.2227,-0.0637,2.046,-2.672,-1.321,25.79
13.0617,0.9861,-0.2241,-0.0627,2.206,-2.290,-1.191,26.18
13.0644,0.9895,-0.2224,-0.0637,6.282,-10.527,-2.221,25.46
13.0783,0.9827,-0.2217,-0.0652,2.229,-2.672,-1.359,25.46
13.0889,0.9846,-0.2222,-0.0676,2.092,-2.595,-1.328,25.50
13.0950,0.9812,-0.2217,-0.0610,2.313,-2.939,-1.321,25.65
13.1053,0.9824,-0.2236,-0.0588,2.267,-2.947,-1.374,25.50
13.1126,0.9839,-0.2249,-0.0676,1.092,-0.908,-1.130,25.98
13.1264,0.9868,-0.2231,-0.0649,2.153,-2.076,-1.061,25.46
13.1364,0.9829,-0.2217,-0.0610,2.267,-3.000,-1.191,25.60
13.1462,0.9832,-0.2202,-0.0681,2.237,-2.420,-1.130,25.94
13.1567,0.9873,-0.2229,-0.0637,0.992,-0.748,-0.809,25.60
13.1629,0.9812,-0.2222,-0.0737,2.252,-2.870,-1.313,25.94
13.1760,0.9836,-0.2209,-0.0637,2.092,-2.260,-1.084,25.94
13.1829,0.9866,-0.2251,-0.0620,1.420,-1.519,-0.916,25.79
13.1983,0.9817,-0.2192,-0.0647,2.046,-2.519,-1.473,25.94
13.2054,0.9851,-0.2222,-0.0693,2.046,-2.687,-1.198,26.03
13.2134,0.9839,-0.2202,-0.0630,1.786,-2.137,-1.198,25.60
13.2273,0.9790,-0.2207,-0.0623,1.924,-2.359,-1.282,25.98
13.2372,0.9834,-0.2231,-0.0642,2.031,-2.725,-1.473,25.84
13.2444,0.9819,-0.2197,-0.0667,2.076,-1.985,-1.366,25.50
13.2569,0.9819,-0.2234,-0.0605,2.115,-2.733,-1.298,25.79
13.2637,0.9802,-0.2200,-0.0576,2.221,-2.557,-1.244,25.60
13.2766,0.9861,-0.2249,-0.0603,2.046,-2.267,-1.313,25.84
13.2829,0.9824,-0.2224,-0.0696,3.214,-4.084,-1.397,25.98
13.2977,0.9839,-0.2258,-0.0635,2.023,-2.366,-1.137,25.60
13.3044,0.9829,-0.2224,-0.0728,1.198,0.237,-0.985,25.98
13.3216,0.9822,-0.2222,-0.0625,2.122,-2.405,-1.244,25.31
13.3247,0.9819,-0.2212,-0.0649,2.092,-2.718,-1.237,25.50
13.3395,0.9844,-0.2229,-0.0662,2.328,-2.992,-1.519,25.22
13.3441,0.9827,-0.2234,-0.0688,2.351,-2.924,-1.328,25.98
13.3572,0.9805,-0.2241,-0.0674,2.298,-2.947,-1.443,25.94
13.3662,0.9824,-0.2212,-0.0671,2.313,-2.221,-1.008,25.94
13.3775,0.9875,-0.2207,-0.0657,1.992,-2.221,-1.122,25.84
13.3826,0.9832,-0.2258,-0.0632,2.038,-2.649,-1.191,25.94
13.3981,0.9851,-0.2217,-0.0708,1.847,-2.244,-1.260,25.46
13.4052,0.9824,-0.2224,-0.0649,2.031,-2.519,-1.260,25.79
13.4127,0.9836,-0.2253,-0.0649,1.550,-1.053,-0.908,25.84
13.4267,0.9846,-0.2212,-0.0640,2.313,-2.794,-0.977,25.46
13.4355,0.9819,-0.2256,-0.0637,2.214,-2.916,-1.000,25.79
13.4433,0.9824,-0.2227,-0.0671,2.275,-3.153,-1.374,25.79
13.4586,0.9832,-0.2217,-0.0635,1.924,-2.336,-0.985,25.98
13.4646,0.9829,-0.2222,-0.0662,3.244,-5.015,-1.382,25.84
13.4807,0.9849,-0.2227,-0.0642,2.053,-2.305,-1.435,25.65
13.4830,0.9890,-0.2151,-0.0637,-3.435,7.000,0.107,25.41
13.4949,0.9844,-0.2251,-0.0630,2.107,-2.649,-0.962,25.94
13.5098,0.9829,-0.2224,-0.0693,2.183,-2.496,-0.969,26.03
13.5125,0.9907,-0.2229,-0.0591,-0.947,2.878,-0.183,26.18
13.5244,0.9851,-0.2229,-0.0647,2.137,-2.634,-1.214,25.84
13.5358,0.9844,-0.2261,-0.0635,1.977,-2.229,-1.229,25.84
13.5478,0.9812,-0.2207,-0.0566,2.145,-2.511,-1.458,25.65
13.5550,0.9858,-0.2224,-0.0576,0.924,-0.336,-0.977,25.46
13.5647,0.9817,-0.2224,-0.0615,2.290,-2.809,-1.229,25.74
13.5782,0.9805,-0.2197,-0.0649,2.397,-2.901,-1.450,25.84
13.5883,0.9788,-0.2161,-0.0664,2.069,-2.878,-1.305,25.94
13.5947,0.9829,-0.2207,-0.0627,2.412,-2.954,-1.397,26.03
13.6048,0.9827,-0.2212,-0.0681,2.267,-2.634,-1.588,25.94
13.6126,0.9834,-0.2178,-0.0669,1.687,-1.756,-1.122,25.50
13.6251,0.9868,-0.2227,-0.0735,2.191,-2.634,-1.374,25.94
13.6378,0.9841,-0.2212,-0.0679,2.176,-2.565,-1.366,25.60
13.6489,0.9839,-0.2209,-0.0645,2.092,-2.771,-1.130,26.03
13.6558,0.9819,-0.2222,-0.0649,2.252,-2.733,-1.328,25.84
13.6640,0.9805,-0.2229,-0.0686,1.076,-0.015,-1.115,26.18
13.6762,0.9846,-0.2192,-0.0718,2.084,-2.435,-1.168,26.18
13.6848,0.9841,-0.2209,-0.0605,0.885,-0.366,-1.252,25.98
13.6993,0.9824,-0.2239,-0.0659,2.244,-2.534,-1.290,25.31
13.7044,0.9832,-0.2244,-0.0703,3.794,-5.466,-1.908,25.98
13.7144,0.9814,-0.2207,-0.0647,2.237,-2.298,-1.298,25.79
13.7317,0.9849,-0.2251,-0.0657,2.344,-2.443,-1.366,25.94
13.7342,0.9873,-0.2190,-0.0630,5.817,-9.710,-2.397,25.94
13.7493,0.9851,-0.2227,-0.0679,2.260,-2.656,-1.412,25.65
13.7582,0.9839,-0.2200,-0.0706,2.282,-2.969,-1.473,25.41
13.7676,0.9851,-0.2192,-0.0728,1.084,-0.855,-0.901,25.60
13.7915,0.9854,-0.2197,-0.0671,2.107,-2.321,-1.122,25.31
13.7945,0.9834,-0.2192,-0.0596,1.160,-1.229,-1.168,25.50
13.7990,0.9841,-0.2185,-0.0691,1.435,-1.969,-1.359,25.98
13.8070,0.9827,-0.2190,-0.0608,2.374,-2.779,-1.550,25.84
13.8233,0.9832,-0.2239,-0.0674,2.168,-2.611,-1.053,25.60
13.8260,0.9841,-0.2217,-0.0637,1.206,-0.573,-1.206,25.94
13.8436,0.9822,-0.2212,-0.0659,2.031,-2.061,-1.504,25.60
13.8463,0.9880,-0.2236,-0.0662,1.901,-2.473,-1.542,25.79
13.8622,0.9819,-0.2185,-0.0647,2.244,-2.641,-1.542,25.94
13.8680,0.9888,-0.2151,-0.0659,-1.847,3.489,-0.565,25.60
13.8767,0.9795,-0.2209,-0.0615,2.176,-2.015,-1.366,25.50
13.8915,0.9854,-0.2209,-0.0642,1.382,-1.176,-1.527,25.74
13.8984,0.9832,-0.2229,-0.0645,2.000,-2.634,-1.504,25.98
13.9076,0.9912,-0.2202,-0.0647,1.206,-0.756,-1.176,25.94
13.9179,0.9814,-0.2253,-0.0623,2.206,-2.863,-1.504,26.03
13.9248,0.9854,-0.2214,-0.0688,2.771,-4.031,-1.206,26.13
13.9381,0.9841,-0.2219,-0.0659,1.763,-2.076,-1.076,25.50
13.9450,0.9814,-0.2190,-0.0630,1.695,-1.947,-1.160,25.84
13.9533,0.9856,-0.2261,-0.0703,2.298,-2.893,-2.031,25.74
13.9705,0.9800,-0.2202,-0.0686,2.191,-2.046,-0.519,25.46
13.9750,0.9802,-0.2224,-0.0706,2.466,-3.305,-1.740,25.84
13.9873,0.9841,-0.2246,-0.0640,1.962,-2.260,-1.214,25.84
13.9970,0.9814,-0.2241,-0.0566,2.153,-2.656,-0.420,25.74
14.0078,0.9834,-0.2280,-0.0637,2.076,-2.634,-1.435,25.60
14.0165,0.9819,-0.2278,-0.0608,1.183,-0.931,-1.145,25.79
14.0259,0.9849,-0.2209,-0.0664,2.031,-2.313,-1.771,25.94
14.0429,0.9873,-0.2170,-0.0730,2.038,-2.290,-1.611,25.65
14.0494,0.9880,-0.2153,-0.0737,1.664,-1.260,-0.634,25.79
14.0557,0.9839,-0.2231,-0.0732,1.588,-1.397,-0.931,25.84
14.0675,0.9807,-0.2285,-0.0598,2.153,-2.466,-0.847,25.50
14.0835,0.9834,-0.2297,-0.0618,2.069,-2.290,-0.985,25.84
14.0934,0.9832,-0.2280,-0.0615,3.557,-4.519,-1.267,25.79
14.0979,0.9836,-0.2229,-0.0684,2.321,-2.969,-1.641,25.79
14.1103,0.9819,-0.2205,-0.0640,1.901,-2.359,-1.565,25.98
14.1153,0.9836,-0.2185,-0.0662,2.084,-2.557,-1.420,25.98
14.1254,0.9832,-0.2200,-0.0688,2.153,-2.611,-1.351,25.94
14.1346,0.9849,-0.2197,-0.0637,2.160,-2.359,-1.389,25.46
14.1488,0.9792,-0.2256,-0.0623,2.084,-2.183,-0.969,25.84
14.1595,0.9824,-0.2292,-0.0593,2.107,-2.672,-1.260,25.50
14.1687,0.9829,-0.2241,-0.0566,2.282,-2.206,-1.244,25.94
14.1744,0.9807,-0.2283,-0.0667,1.305,-0.863,-1.069,25.50
14.1879,0.9856,-0.2234,-0.0635,2.313,-2.702,-1.595,25.65
14.1952,0.9819,-0.2214,-0.0684,4.710,-6.595,-2.061,25.27
14.2074,0.9836,-0.2156,-0.0718,2.305,-2.779,-1.176,25.94
14.2151,0.9871,-0.2185,-0.0742,2.244,-2.664,-1.107,25.79
14.2296,0.9824,-0.2219,-0.0681,2.405,-2.405,-0.992,25.98
14.2331,0.9805,-0.2253,-0.0737,6.145,-9.985,-2.038,25.84
14.2472,0.9856,-0.2280,-0.0610,2.214,-2.565,-0.947,25.94
14.2548,0.9810,-0.2227,-0.0623,2.397,-3.137,-1.397,25.74
14.2645,0.9829,-0.2278,-0.0728,2.076,-2.908,-1.519,25.98
14.2735,0.9829,-0.2180,-0.0647,2.435,-2.779,-1.328,25.60
14.2831,0.9805,-0.2192,-0.0654,2.237,-2.977,-1.832,25.79
14.2995,0.9849,-0.2195,-0.0703,1.916,-2.130,-1.534,25.60
14.3112,0.9841,-0.2205,-0.0667,1.405,-1.099,-1.237,25.74
14.3237,0.9854,-0.2231,-0.0674,2.321,-2.702,-1.031,25.98
14.3294,0.9858,-0.2263,-0.0662,2.008,-2.298,-1.565,26.03
14.3408,0.9829,-0.2222,-0.0647,2.092,-2.595,-1.618,25.79
14.3448,0.9822,-0.2231,-0.0608,3.008,-3.885,-1.344,25.46
14.3598,0.9827,-0.2234,-0.0618,2.099,-2.542,-1.794,25.74
14.3677,0.9812,-0.2180,-0.0706,2.015,-2.397,-1.389,25.50
14.3738,0.9832,-0.2190,-0.0671,1.641,-1.122,-1.115,25.65
14.3831,0.9849,-0.2197,-0.0659,2.122,-2.817,-1.298,25.84
14.3975,0.9836,-0.2202,-0.0701,2.061,-2.374,-1.031,25.74
14.4120,0.9790,-0.2217,-0.0657,2.130,-2.489,-1.153,25.41
14.4144,0.9883,-0.2251,-0.0601,2.000,-2.130,-1.183,25.98
14.4245,0.9846,-0.2241,-0.0593,2.557,-2.977,-1.176,25.84
14.4402,0.9846,-0.2229,-0.0583,2.099,-2.573,-1.473,25.79
14.4427,0.9807,-0.2200,-0.0674,4.053,-5.740,-1.840,25.84
14.4581,0.9834,-0.2236,-0.0635,2.008,-2.557,-1.756,25.74
14.4689,0.9858,-0.2212,-0.0676,2.000,-2.504,-1.122,25.84
14.4751,0.9841,-0.2224,-0.0688,2.176,-2.733,-1.137,25.84
14.4852,0.9836,-0.2227,-0.0784,2.053,-2.473,-1.000,26.13
14.4957,0.9844,-0.2241,-0.0632,1.969,-2.443,-0.702,25.94
14.5046,0.9839,-0.2234,-0.0662,1.122,-0.366,-0.298,25.98
14.5174,0.9829,-0.2258,-0.0552,2.122,-2.542,-0.641,25.74
14.5252,0.9819,-0.2261,-0.0701,2.206,-2.779,-2.626,25.98
14.5399,0.9868,-0.2168,-0.0723,2.046,-2.336,-0.260,25.94
14.5426,0.9919,-0.2161,-0.0591,-4.046,7.908,0.603,25.74
14.5576,0.9844,-0.2202,-0.0635,2.008,-2.366,-1.634,25.65
14.5684,0.9834,-0.2214,-0.0615,1.679,-2.366,-1.191,25.50
14.5783,0.9812,-0.2249,-0.0630,1.679,-1.550,-1.847,25.60
14.5857,0.9841,-0.2212,-0.0674,2.389,-2.939,-1.840,25.60
14.6005,0.9810,-0.2209,-0.0659,2.069,-2.290,-1.779,25.94
14.6088,0.9858,-0.2139,-0.0667,1.595,-3.313,-2.710,25.79
14.6141,0.9890,-0.2200,-0.0596,2.244,-2.550,-1.550,25.46
14.6285,0.9812,-0.2217,-0.0713,2.389,-2.450,-1.374,25.50
14.6423,0.9868,-0.2227,-0.0681,2.031,-1.771,-1.359,25.46
14.6512,0.9856,-0.2229,-0.0620,1.107,-0.504,-0.740,25.74
14.6558,0.9832,-0.2234,-0.0571,2.389,-2.908,-1.328,26.03
14.6632,0.9822,-0.2227,-0.0754,2.481,-3.282,-1.137,25.65
14.6825,0.9817,-0.2229,-0.0618,2.183,-2.870,-1.511,25.74
14.6878,0.9832,-0.2227,-0.0649,6.344,-10.756,-2.275,25.98
14.6978,0.9822,-0.2239,-0.0608,2.084,-2.382,-1.420,25.98
14.7068,0.9822,-0.2173,-0.0625,2.267,-2.992,-1.840,26.03
14.7180,0.9875,-0.2153,-0.0696,2.244,-2.344,-1.229,25.79
14.7311,0.9814,-0.2161,-0.0696,2.191,-2.634,-1.313,25.65
14.7338,0.9844,-0.2207,-0.0649,7.214,-11.695,-2.145,25.84
14.7506,0.9827,-0.2244,-0.0618,1.779,-2.588,-1.435,26.13
14.7555,0.9858,-0.2229,-0.0662,5.153,-7.893,-2.015,25.50
14.7651,0.9822,-0.2246,-0.0635,2.107,-2.557,-1.427,26.18
14.7745,0.9834,-0.2205,-0.0710,2.397,-2.817,-1.641,25.65
14.7842,0.9819,-0.2209,-0.0662,2.160,-2.924,-1.550,25.94
14.7946,0.9839,-0.2202,-0.0627,1.992,-1.985,-1.252,25.98
14.8065,0.9856,-0.2205,-0.0659,2.137,-2.794,-1.092,25.07
14.8161,0.9807,-0.2236,-0.0671,2.038,-2.267,-0.908,26.03
14.8311,0.9822,-0.2253,-0.0674,2.389,-2.649,-1.420,25.79
14.8357,0.9805,-0.2261,-0.0691,6.389,-11.275,-2.656,25.94
14.8459,0.9807,-0.2224,-0.0630,1.824,-2.649,-1.305,25.79
14.8581,0.9824,-0.2188,-0.0671,2.313,-2.397,-1.695,25.98
14.8654,0.9839,-0.2224,-0.0659,0.901,-0.573,-1.145,25.79
14.8749,0.9851,-0.2202,-0.0586,2.198,-2.252,-1.137,25.74
14.8827,0.9849,-0.2224,-0.0686,1.008,-0.962,-0.496,25.79
